1,ĞĞ‘ĞĞĞ’Ğ›Ğ•ĞĞ˜Ğ• ĞĞ¢ 22.05.2025,ĞœĞĞ”Ğ˜Ğ¤Ğ˜ĞšĞĞ¦Ğ˜Ğ˜ Ğ¤Ğ Ğ˜Ğš. Ğ’ ĞšĞ“. Ğ Ğ•ĞĞ›Ğ¬Ğ. Ğ—ĞĞ¯Ğ’Ğ›Ğ•Ğ,,,,,,,,38.12 38.6 Ğ Ğ•ĞĞ›Ğ¬Ğ. ĞšĞ“. Ğ—ĞĞ¯Ğ’Ğ›Ğ•Ğ ĞšĞ“.,,,,,,-,Ğ®Ğ‘Ğ˜Ğ›Ğ•Ğ™ĞĞ«Ğ•,Ğ›Ğ˜ĞœĞ˜Ğ¢Ğ˜Ğ ĞĞ’ĞĞĞĞ«Ğ•,,Ğ—Ğ Ğ—ĞĞ”ĞĞĞ˜Ğ¯,,Ğ¡ĞĞ¯Ğ¢ĞĞ¡ĞŸĞ ĞĞ˜Ğ—Ğ’ĞĞ”Ğ¡Ğ¢Ğ’Ğ,
2,,,,,,,,,,,,,,,,,,,,,,,
3,Reel,Reel_Type,Test,Saltwater Resistance,Ğ¢Ğ•Ğ¡Ğ¢,,Gear Ratio,ĞŸĞ•Ğ . Ğ§Ğ˜Ğ¡.,,Ğ•ĞœĞš.,Ğ•ĞœĞš.,,Ğ¡ĞšĞĞ .,Ğ¡ĞšĞĞ ĞĞ¡Ğ¢Ğ¬,,,-,-,Ğ”Ğ’Ğ˜Ğ“. ĞšĞ“.,ĞœĞ•Ğ¥. ĞšĞ“,ĞœĞ•Ğ¥ĞĞĞ˜Ğ—Ğœ ĞšĞ“.,,Ğ¦Ğ•ĞĞ,Ğ¦Ğ•ĞĞ NEW
,,,,,,,,,,,,,,,,,,,,,,,
4,Ğ‘Ğ•Ğ—Ğ«ĞĞ•Ğ Ğ¦Ğ˜ĞĞĞĞ«Ğ• 30 000 Ğ•Ğ¼ĞºĞ¾ÑÑ‚ÑŒ Ğ¿Ñ€Ğ¸ Ñ‚Ğ¾Ğ»Ñ‰Ğ¸Ğ½Ğµ Ğ»ĞµÑĞºĞ¸ 0.42Ğ¼Ğ¼,,,,,,,,,,,,,,,,,,,,,,,
5,Furia 30000,,~40,ğŸ’§,,,4.6:1,,,1417,,,1.72,,,,38.12 38.6,-,-,132.79,-,-,66989,
6,Furia 30000 8-Anniversary,,~40,ğŸ’§,,,4.6:1,,,1417,,,1.72,,,,38.12 38.6,-,-,132.79,-,-,236.5,
7,Turion SW 30000,,~40,ğŸ’§,,,4.4:1,,,1364,,,1.56,,,,36.12 36.3,-,-,127.94,-,-,56799,
8,Turion SW 30000 7-Years,,~40,ğŸ’§,,,4.4:1,,,1364,,,1.56,,,,36 36.3,-,-,128.5,-,-,194.65/216.28,
9,Goliaf 30000,Spinning,~40,ğŸ’§,,,5.8:1,,,1486,,,1.98,,,,33.6,-,-,~120,-,-,39799,
10,Ğ‘Ğ•Ğ—Ğ«ĞĞ•Ğ Ğ¦Ğ˜ĞĞĞĞ«Ğ• 20 000 Ğ•Ğ¼ĞºĞ¾ÑÑ‚ÑŒ Ğ¿Ñ€Ğ¸ Ñ‚Ğ¾Ğ»Ñ‰Ğ¸Ğ½Ğµ Ğ»ĞµÑĞºĞ¸ 0.42Ğ¼Ğ¼,,,,,,,,,,,,,,,,,,,,,,,
11,Furia 20000,,~30,ğŸ’§,,,4.9:1,,,881,,,1.51,,,,36.59 36.7,-,-,128.53,-,-,51499,
12,Turion SW 20000,,~30,ğŸ’§,,,4.4:1,,,858,,,1.3,,,,35.4,-,-,120.19,-,-,49799,
13,Goliaf 20000,Spinning,~30,ğŸ’§,,,5.8:1,,,881,,,1.64,,,,31.8,-,-,~106,-,-,33199,
14,Ğ‘Ğ•Ğ—Ğ«ĞĞ•Ğ Ğ¦Ğ˜ĞĞĞĞ«Ğ• 10 000 Ğ•Ğ¼ĞºĞ¾ÑÑ‚ÑŒ Ğ¿Ñ€Ğ¸ Ñ‚Ğ¾Ğ»Ñ‰Ğ¸Ğ½Ğµ Ğ»ĞµÑĞºĞ¸ 0.42Ğ¼Ğ¼,,,,,,,,,,,,,,,,,,,,,,,
15,Turion SW 10000,,18,ğŸ’§,,,4.9:1,,,563,,,1.19,,,,34.5,-,-,114.29,-,-,45800,
16,Furia 10000,,18,ğŸ’§,,,4.6:1,,,574,,,1.11,,,,34.51 34.9,-,-,118.27,-,-,41000,
17,Furia 10000 SHS,,18,ğŸ’§,,,6.2:1,,,452,,,1.64,,,,33.76 34,-,-,104.74,-,-,37499,
18,Venga 10000,Spinning,18,ğŸ’§,,,5.1:1,,,574,,,1.23,,,,31.5 31.7,-,-,98 - 100,-,-,32722,
19,Venga 10000 6-Anniversary,Spinning,18,ğŸ’§,,,4.9:1,,,574,,,1.2,,,,31.6 31.7,-,-,111.1,-,-,-,
20,,,,,,,,,,,,,,,,,,,,,,,,
21,Goliaf 10000,Spinning,18,ğŸ’§,,,4.9:1,,,593,,,1.18,,,,30.8,-,-,~112,-,-,31500,
22,Azimut 10000,Spinning,18,ğŸ’§,,,5.4:1,,,674,,,1.26,,,,27.2,-,-,~55,-,-,21600,
23,Azimut 10K-7Y,,18,ğŸ’§,,,5.4:1,,,674,,,1.26,,,,27.2,-,-,55.7,-,-,69.37/115.61,
24,Tagara II 10000,,18,ğŸ’§,,,4.3:1,,,574,,,1.25,,,,26.01 26.3,-,-,62.45,-,-,21872,
25,Tagara 10000,Spinning,18,ğŸ’§,,,4.2:1,,,574,,,1.02,,,,26.3,-,-,62,-,-,20772,
26,Tagara II 10000 8-Anniversary,,18,ğŸ’§,,,4.2:1,,,574,,,,,,,27.2,-,-,,-,-,116.42,
27,Ğ‘Ğ•Ğ—Ğ«ĞĞ•Ğ Ğ¦Ğ˜ĞĞĞĞ«Ğ• 8 000 Ğ•Ğ¼ĞºĞ¾ÑÑ‚ÑŒ Ğ¿Ñ€Ğ¸ Ñ‚Ğ¾Ğ»Ñ‰Ğ¸Ğ½Ğµ Ğ»ĞµÑĞºĞ¸ 0.42Ğ¼Ğ¼,,,,,,,,,,,,,,,,,,,,,,,
28,Turion SW 8000,,12,ğŸ’§,,,5.6:1,,,498,,,1.05,,,,30.8,-,-,110.68,-,-,32500,
29,Megara 8000,Spinning,12,,,,4.7:1,,,674,,,1.13,,,,25.33 25.4,-,-,71.76 - 72.73,-,-,22472,
30,Venga 8000,Spinning,12,ğŸ’§,,,6.0:1,,,375,,,1.14,,,,27.2,-,-,83.98,-,-,23002,
31,Overlord 88,Spinning,12,,,,4.5:1,,,689,,,1.05,,,,24.53 24.5,-,-,81.46,-,-,17889,
32,Bestia II 8000 SHS,,12,ğŸ’§,,,6.4:1,,,314,,,1.34,,,,24.48 24.5,-,-,66.7,-,-,16604,
33,Bestia 8000,Spinning,12,ğŸ’§,,,5.2:1,,,295,,,1.04,,,,24.5,-,-,68.01,-,-,16604,
34,Azimut 8000,Spinning,12,ğŸ’§,,,5.4:1,,,482,,,1.05,,,,23.6,-,-,49.63,-,-,15900,
35,Admiral 8000s,Spinning,12,ğŸ’§,,,4.8:1,,,329,,,0.94,,,,23.39 23.5,-,-,58.48,-,-,15328,
36,Tagara II 8000,,12,ğŸ’§,,,4.5:1,,,379,,,1.05,,,,22.56 22.6,23.7,-,57.06,-,-,14655,
37,Tagara 8000,Spinning,12,ğŸ’§,,,4.7:1,,,375,,,0.89,,,,22.6,23.7,-,53.87,-,-,14655,
38,Silver 80,Spinning,12,,,,4.3:1,,,517,,,0.98,,,,23.35 23.6,-,-,67.04,-,-,13999,
39,Everest-24 8000s,,12,ğŸ’§,,,4.7:1,,,390,,,0.67,,,,22.01 22.7,-,-,5.2,-,-,11320,
40,Everest II 8000s,Spinning,12,,,,3.6:1,,,321,,,0.58,,,,22,-,-,44.62,-,-,11320,
41,SG8000 Ultra Power,,12,ğŸ’§,,,5.7:1,,,413,,,1.26,,,,19.37 19.5,20.2,-,51.14,-,-,9988,
42,SG8000 Ultra Power Emerald,,12,ğŸ’§,,,5.7:1,,,413,,,1.26,,,,19.37 19.5,20.2,-,51.14,-,-,44.4/68.31,
43,Evia 8000,Spinning,12,,,,4.7:1,,,674,,,1.13,,,,5.2,19.6 / 20.4,-,41.7,-,-,8475,
44,Natora 8000,Spinning,12,,,,5.3:1,,,295,,,1.05,,,,18.1,19.6 / 20.4,-,43.76,-,-,7085,
45,Natora 8000 Super Seven,,12,,,,4.8:1,,,333,,,0.94,,,,17.28 18.1,19.6,-,47.39,-,-,-,
46,Caliber 80 SLC,Spinning,12,,,,4.2:1,,,421,,,1.03,,,,17.2,19,-,37.74,-,-,5312,
47,Model 827,,12,ğŸ’§,,,4.0:1,,,417,,,0.81,,,,16.18 16.5,-,-,44.36,-,-,4499,
48,Caliber HSV 80 SLC,Spinning,12,,,,4.7:1,,,421,,,1.15,,,,14.4 - 15.43 15.4,16.99 - 17.05 17,-,30.24 - 32.1,-,-,2885,
49,Caliber HSV 80 SLC Raven,Spinning,12,,,,4.5:1,,,421,,,1.1,,,,15.74 15.9,16.99 - 17.05 17,-,32,-,-,15.56/23.94,
50,Narga 8000,Spinning,12,,,,4.3:1,,,356,,,0.82,,,,13.9 - 14.61 14.5,-,-,42.38 - 44.04,-,-,3491,
51,Narga 8000 Super 7,Spinning,12,,,,4.6:1,,,367,,,0.87,,,,14.8 15.4,-,-,47,-,-,3900,
52,Alfa 8000,Spinning,12,,,,5.2:1,,,329,,,0.91,,,,14 - 14.56 14.5,-,-,37.73 - 38.2,-,-,2390,
53,Alfa 8000 Celestia,Spinning,12,,,,5.2:1,,,329,,,0.91,,,,14 - 14.56 14.5,-,-,37.73 - 38.2,-,-,12.12/20.2,
54,Gold 80s,Spinning,12,,,,5.7:1,,,314,,,0.88,,,,14,-,-,34.58,-,-,2186,
55,Titan 8000,Spinning,12,,,,4.3:1,,,521,,,1.03,,,,12.17 - 12.77 12.7,-,-,27.66 - 28.34,-,-,1796,
56,Ğ‘Ğ•Ğ—Ğ«ĞĞ•Ğ Ğ¦Ğ˜ĞĞĞĞ«Ğ• 6 000 Ğ•Ğ¼ĞºĞ¾ÑÑ‚ÑŒ Ğ¿Ñ€Ğ¸ Ñ‚Ğ¾Ğ»Ñ‰Ğ¸Ğ½Ğµ Ğ»ĞµÑĞºĞ¸ 0.36Ğ¼Ğ¼,,,,,,,,,,,,,,,,,,,,,,,
57,Venga 6000,Spinning,8,ğŸ’§,,,5.5:1,,,257,,,0.84,,,,22.6,23.7,-,69.66,-,-,18791,
58,Admiral 6000s,Spinning,8,ğŸ’§,,,5.0:1,,,253,,,0.77,,,,20.8,-,-,47.86,-,-,11569,
59,Chronica II 6000,,8,ğŸ’§,,,4.2:1,6.4:1,,253,,,0.68,?,,,20.16 20.4,-,-,72.63,?,-,10900,
60,Chronica II 6000 LE-B. LE-G,,8,ğŸ’§,,,4.2:1,6.4:1,,253,,,0.68,?,,,20.16 20.4,-,-,72.63,?,-,65.7/73.01,
61,Chronica II 6000 Super 8,,8,ğŸ’§,,,4.2:1,6.4:1,,253,,,0.68,?,,,20.16 20.4,-,-,72.63,?,-,65.7/73.01,
62,Bestia II 6000 SHS,,8,ğŸ’§,,,6.8:1,,,236,,,1.1,,,,19.78 19.9,21.7,-,54.6,-,-,9489,
63,Bestia 6000,Spinning,8,ğŸ’§,,,5.6:1,,,223,,,0.88,,,,19,19.6,-,55.5,-,-,9117,
64,Major ltd 2 6000s,,8,ğŸ’§,,,4.3:1,,,231,,,0.64,,,,19,20.8,-,43.52,-,-,9199,
65,P-Series 2 GS 60S,Spinning,8,ğŸ’§,,,3.8:1,,,240,,,0.54,,,,18.4,20.2,-,47.44,-,-,7782,
66,Chronica 6000,,8,ğŸ’§,,,3.8:1,,,236,,,0.6,,,,19 19,20,-,72.1,-,-,48.9,
67,Azimut 6000,Spinning,8,ğŸ’§,,,5.4:1,,,330,,,0.83,,,,19,-,-,43.68,-,-,6900,
68,Tagara II 6000,,8,ğŸ’§,,,5.4:1,,,266,,,1.01,,,,17.17 18.1,19.6 / 20.4,-,45.89,-,-,6300,
69,Tagara 6000,Spinning,8,,,,5.6:1,,,257,,,0.86,,,,18.1,19.6 / 20.4,-,45.1,-,-,6010,
70,Tagara 6000 Super 8,Spinning,8,ğŸ’§,,,5.1:1,,,270,,,0.78,,,,17.26 18.1,19.6 / 20.4,-,44.99,-,-,-,
71,Z-Series 2 60S,Spinning,8,ğŸ’§,,,4.3:1,,,240,,,0.61,,,,17.7,19.4,-,45.1,-,-,5697,
72,Full Metal 60,Spinning,8,ğŸ’§,,,4.5:1,,,300,,,0.7,,,,17.92 18.2,-,-,49.15,-,-,5499,
73,Everest II 6000s,Spinning,8,,,,4.3:1,,,249,,,0.59,,,,16.3,17.9,-,35.16,-,-,5081,
74,Evia 6000,,8,,,,4.9:1,,,506,,,0.94,,,,17.12 17.2,-,-,38.3,-,-,5199,
75,Commandor GS 60S,Spinning,8,ğŸ’§,,,4.8:1,,,257,,,0.65,,,,14.5,-,-,36.31,-,-,3199,
76,Natora 6000,Spinning,8,,,,5.6:1,,,223,,,0.88,,,,15,16.5,-,37.43,-,-,3116,
77,Narga 6000,Spinning,8,,,,4.6:1,,,253,,,0.71,,,,13.6,-,-,35.86,-,-,1985,
78,Commandor 2 60S,Spinning,8,,,,4.8:1,,,257,,,0.68,,,,13.4,-,-,30.12,-,-,1950,
79,Alfa 6000,Spinning,8,,,,5.4:1,,,231,,,0.81,,,,13.5,-,-,31.56,-,-,1888,
80,Gold 60s,Spinning,8,,,,5.7:1,,,231,,,0.78,,,,14,-,-,28.35,-,-,1847,
81,Pulsar 6000,Spinning,8,,,,5.4:1,,,231,,,0.78,,,,9.5,10.4,-,24,-,-,1250,
82,Sabre 60s,Spinning,8,,,,4.8:1,,,214,,,0.67,,,,9.9,-,-,21.68,-,-,1160,
83,Super Cast 6000s,Spinning,8,,,,4.8:1,,,309,,,0.87,,,,7.01 - 7.75 8.2,9 - 9.03 9,-,15.79 - 17.25,-,-,698,
84,Proton 6000,Spinning,8,,,,4.8:1,,,231,,,0.68,,,,7.66 - 8.09 8.1,8.9,-,17.26 - 17.36,-,-,630,
85,Pride 6000S,Spinning,8,,,,5.0:1,,,231,,,0.75,,,,7.5,9,-,17.26,-,-,533,
86,Adriatica 5000S,Spinning,8,,,,5.4:1,,,214,,,0.78,,,,6.4 - 7.5 7.5,8.99 - 9.02 9,-,14 - 15.59,-,-,450,
87,Ğ‘Ğ•Ğ—Ğ«ĞĞ•Ğ Ğ¦Ğ˜ĞĞĞĞ«Ğ• 4 000 Ğ•Ğ¼ĞºĞ¾ÑÑ‚ÑŒ Ğ¿Ñ€Ğ¸ Ñ‚Ğ¾Ğ»Ñ‰Ğ¸Ğ½Ğµ Ğ»ĞµÑĞºĞ¸ 0.26Ğ¼Ğ¼,,,,,,,,,,,,,,,,,,,,,,,
88,Bestia 4000,Spinning,4,,,,6.2:1,,,133,,,0.74,,,,18.1,19.6,-,45.9,-,-,8100,
89,Admiral 4000s,Spinning,4,,,,6.2:1,,,158,,,0.74,,,,17.2,-,-,42.86,-,-,5676,
90,P-Series 2 GS 40S,Spinning,4,,,,5.1:1,,,138,,,0.63,,,,16.3,18.7,-,29.95,-,-,4706,
91,Azimut 4000,Spinning,4,ğŸ’§,,,5.8:1,,,217,,,0.71,,,,15.4,-,-,37.56,-,-,4699,
92,Tagara 4000,Spinning,4,ğŸ’§,,,6.2:1,,,153,,,0.72,,,,16.3,-,-,39.64,-,-,5076,
93,Z-Series 2 40S,Spinning,4,,,,5.1:1,,,138,,,0.62,,,,15.7,-,-,28.18,-,-,3998,
94,Major ltd 2 4000s,,4,,,,6.2:1,,,143,,,0.74,,,,15.4,17.9,-,34.03,-,-,3989,
95,Major 2 4000s,,4,,,,5.4:1,,,163,,,0.64,,,,14,15,-,31.6,-,-,3130,
96,Commandor GS 40S,Spinning,4,ğŸ’§,,,4.0:1,,,148,,,0.47,,,,12.7,13.9,-,23.71,-,-,2611,
97,Natora 4000,Spinning,4,,,,6.2:1,,,133,,,0.74,,,,12.7,14,-,35.49,-,-,2499,
98,Everest II 4000s,Spinning,4,,,,4.3:1,,,158,,,0.51,,,,13,15,-,30.16,-,-,2719,
99,Conquest II 4000s,Spinning,4,,,,5.2:1,,,158,,,0.62,,,,12.7,15,-,29.9,-,-,2291,
100,Commandor 2 40S,Spinning,4,,,,5.8:1,,,148,,,0.69,,,,12,13.9,-,21.02,-,-,1699,
101,Narga 4000,Spinning,4,,,,5.2:1,,,138,,,0.62,,,,11.7,13.9,-,27.33,-,-,1621,
102,Bird 2 GSX 40S,Spinning,4,,,,5.1:1,,,148,,,0.59,,,,9.5,-,-,17.94,-,-,1374,
103,Alfa 4000,Spinning,4,,,,5.8:1,,,138,,,0.68,,,,9,-,-,16.96,-,-,1201,
104,Model De Luxe 430S,Spinning,4,,,,3.8:1,,,163,,,0.44,,,,8.81 - 8.9 9,-,-,24.24 - 24.3,-,-,790,
105,Sabre 40s,Spinning,4,,,,5.0:1,,,148,,,0.63,,,,9,-,-,13.02,-,-,787,
106,Horizon 2 4000s,Spinning,4,,,,5.0:1,,,128,,,,,,,8.2,9,-,17.91,-,-,769,
107,Pulsar 4000,Spinning,4,,,,5.8:1,,,138,,,0.68,,,,8.1 - 8.52 8.6,10.4,-,15.21 - 15.43,-,-,745,
108,Proton 4000,Spinning,4,,,,5.1:1,,,138,,,,,,,7.2,8.9,-,13.81,-,-,529,
109,Pride 4000S,Spinning,4,,,,5.2:1,,,128,,,,,,,7.5,9,-,9.43,-,-,480,
110,Element PRO 4000,Spinning,4,,,,5.2:1,,,133,,,0.62,,,,6.4,-,-,11.05,-,-,380,
111,Hercules G2 40s,Spinning,4,,,,5.0:1,,,118,,,0.64,,,,6.8,7.8,-,10.15,-,-,460,
112,Dragon 40s,Spinning,4,,,,5.0:1,,,148,,,0.61,,,,5.42 - 5.62 5.8,7.8,-,9.02 - 9.95,-,-,363,
113,Element 4000,Spinning,4,,,,5.2:1,,,133,,,,,,,5.4,-,-,9.53,-,-,249,
114,Lagoon-HP 4000S,Spinning,4,,,,5.2:1,,,153,,,,,,,5.4,6.5,-,8.04,-,-,229,
115,Lacerti-SX NG 4000,,4,,,,5.7:1,,,148,,,0.69,,,,3.58-3.95 4.2,5.4 / 6.5,-,5.75-6.45,-,-,118,
116,Lacerti NG 4000,,4,,,,6.1:1,,,148,,,0.71,,,,3.25-3.74 3.8,5.4 / 6.5,-,5.39-5.84,-,-,58.5,
117,Ğ‘Ğ•Ğ—Ğ«ĞĞ•Ğ Ğ¦Ğ˜ĞĞĞĞ«Ğ• 3 000 Ğ•Ğ¼ĞºĞ¾ÑÑ‚ÑŒ Ğ¿Ñ€Ğ¸ Ñ‚Ğ¾Ğ»Ñ‰Ğ¸Ğ½Ğµ Ğ»ĞµÑĞºĞ¸ 0.26Ğ¼Ğ¼,,,,,,,,,,,,,,,,,,,,,,,
118,Bestia II 3000 SHS,,3,ğŸ’§,,,7.0:1,,,118,,,0.79,,,,17.12 17.2,-,-,43.84,-,-,7999,
119,Bestia 3000,Spinning,3,,,,6.2:1,,,98,,,0.66,,,,17.2,-,-,42.44,-,-,7553,
120,Tagara II 3000 SHS,,3,ğŸ’§,,,6.8:1,,,138,,,0.76,,,,16.18 16.3,-,-,39.76,-,-,4999,
121,P-Series 2 GS 30S,Spinning,3,,,,5.8:1,,,108,,,0.68,,,,16.39 16.3,18.7,-,25.32,-,-,4628,
122,Z-Series 2 30S,Spinning,3,,,,5.8:1,,,108,,,,,,,15.7,-,-,22.97,-,-,3898,
123,Major ltd 2 3000s,,3,,,,5.2:1,,,93,,,,,,,13.6,15,-,31.38,-,-,2989,
124,Natora 3000,Spinning,3,,,,6.2:1,,,98,,,0.66,,,,11.3,-,-,28.58,-,-,2349,
125,Corsair 30S,Spinning,3,,,,6.2:1,,,108,,,,,,,10.79 10.8,11.9,-,22.04,-,-,1920,
126,Commandor 2 30S,Spinning,3,,,,5.8:1,,,113,,,0.62,,,,10.8,11.9,-,18.6,-,-,1499,
127,Bird 2 GSX 30S,Spinning,3,,,,5.1:1,,,113,,,,,,,8.6,-,-,16.57,-,-,1099,
128,Gold 30s,Spinning,3,,,,6.2:1,,,123,,,0.69,,,,8,10,-,16.82,-,-,995,
129,Bird 2 GS 30S,Spinning,3,,,,5.1:1,,,113,,,0.53,,,,8.1 8.2,-,-,18.5,-,-,870,
130,Mosquito 2 3000s,Spinning,3,,,,5.2:1,,,113,,,,,,,8.6,9,-,17.06,-,-,848,
131,Horizon 2 3000s,Spinning,3,,,,5.2:1,,,98,,,,,,,7.7,-,-,18.8,-,-,749,
132,Meteor 30s,Spinning,3,,,,6.0:1,,,128,,,0.65,,,,7.7,10.01 10,-,16,-,-,698,
133,Pegasus 30s,Spinning,3,,,,5.0:1,,,108,,,,,,,5.8,7.8,-,8.81,-,-,399,
134,Element PRO 3000,Spinning,3,,,,5.4:1,,,98,,,,,,,5.4,-,-,9.93,-,-,350,
135,Adriatica 3000S,Spinning,3,,,,6.1:1,,,118,,,,,,,5.4,6.5,-,6.87,-,-,249,
136,Dragon 30s,Spinning,3,,,,5.0:1,,,113,,,,,,,5.8,7.8,-,6.72,-,-,363,
137,Element 3000,Spinning,3,,,,5.4:1,,,98,,,,,,,5.4,-,-,7.96,-,-,249,
138,Hydra G2 30s,Spinning,3,,,,5.0:1,,,118,,,0.52,,,,5.02 5.2,-,-,5.88,-,-,184,
139,Lagoon 3000S,Spinning,3,,,,6.1:1,,,118,,,0.76,,,,5.4,6.5,-,5.44,-,-,178,
140,Libra / Libra 2 3000S,Spinning,3,,,,5.4:1,,,133,,,,,,,3.1 3.3,-,-,4.5,-,-,33,
141,Spark 2 3000S,Spinning,3,,,,5.4:1,,,133,,,,,,,3.2,-,-,,-,-,9.5,
142,Ğ‘Ğ•Ğ—Ğ«ĞĞ•Ğ Ğ¦Ğ˜ĞĞĞĞ«Ğ• 2 000 Ğ•Ğ¼ĞºĞ¾ÑÑ‚ÑŒ Ğ¿Ñ€Ğ¸ Ñ‚Ğ¾Ğ»Ñ‰Ğ¸Ğ½Ğµ Ğ»ĞµÑĞºĞ¸ 0.22Ğ¼Ğ¼,,,,,,,,,,,,,,,,,,,,,,,
143,Bestia II 2000 SHS,,2,ğŸ’§,,,7.1:1,,,104,,,0.72,,,,10.67 10.8,-,-,24.25,-,-,13500,
144,Overlord 3RS 20S,Spinning,2,,,,5.1:1,,,117,,,0.51,,,,10,-,-,25.95,-,-,11999,
145,JSX Inferno 20S,Spinning,2,,,,6.2:1,,,111,,,0.62,,,,9.98 10,-,-,22.45,-,-,11556,
146,Overlord 3GS 20S,Spinning,2,,,,5.1:1,,,117,,,,,,,9.5,-,-,23.06,-,-,9600,
147,JSX 20S,Spinning,2,,,,6.2:1,,,111,,,,,,,9.5,-,-,20.84,-,-,9119,
148,Bestia 2000,Spinning,2,,,,6.2:1,,,92,,,,,,,9,,,22.49,-,-,6685,
149,Overlord 3BS 20S,Spinning,2,,,,5.7:1,,,117,,,,,,,9.1,-,-,20.95,-,-,6500,
150,P-Series 2 GS 20S,Spinning,2,,,,5.1:1,,,111,,,,,,,8.6,-,-,17.05,-,-,4628,
151,Admiral 2000s,Spinning,2,,,,6.2:1,,,98,,,,,,,8.2,9,-,17.7,-,-,4283,
152,Z-Series 2 20S,Spinning,2,,,,5.1:1,,,111,,,,,,,8.2,-,-,16.45,-,-,3898,
153,Overlord 3B 20S,Spinning,2,,,,5.3:1,,,117,,,,,,,8.4,-,-,19.6,-,-,3500,
154,Major 2 2000s,,2,,,,5.2:1,,,98,,,,,,,7.2,-,-,17.95,-,-,3130,
155,Overlord 3 20S,Spinning,2,,,,5.1:1,,,117,,,,,,,6.37 6.4,-,-,18.66,-,-,3500,
156,Overlord 3 20S 8-Years,Spinning,2,,,,6.1:1,,,117,,,,,,,6.4,-,-,,-,-,13.99/23.31,
157,Natora 2000,Spinning,2,,,,6.2:1,,,92,,,0.62,,,,6.3,6.9,-,16.24,-,-,2349,
158,Corsair 20S,Spinning,2,,,,6.2:1,,,98,,,,,,,6.1,-,-,17.62,-,-,2099,
159,Commandor 2 20S,Spinning,2,,,,5.8:1,,,117,,,0.52,,,,5.8 - 6 6,-,-,9.7 - 10,-,-,1981,
160,Conquest II 2000s,Spinning,2,,,,5.2:1,,,98,,,,,,,5.5,-,-,13.54,-,-,1591,
161,Narga 2000,Spinning,2,,,,5.6:1,,,98,,,,,,,5.5,5.9,-,16.66,-,-,1621,
162,Bird 2 GSX 20S,Spinning,2,,,,5.2:1,,,117,,,,,,,5,-,-,13.13,-,-,1511,
163,Pelengas,Spinning,2,,,,4.2:1,,,104,,,0.42,,,,5.26 - 5.5 5.5,-,-,11.71 - 11.8,-,-,1249,
164,Pelengas 2017,Spinning,2,,,,4.9:1,,,104,,,0.49,,,,5.69 5.9,-,-,16.45,-,-,-,
165,Pelengas 2025,Spinning,2,,,,5.7:1,,,104,,,0.56,,,,5.62 5.9,-,-,17.81,-,-,-,
166,Alfa 2000,Spinning,2,,,,5.8:1,,,104,,,,,,,4,-,-,11.87,-,-,1051,
167,Bird 2 20S,Spinning,2,,,,5.1:1,,,117,,,,,,,3.6,-,-,13.24,-,-,798,
168,Horizon 2 2000s,Spinning,2,,,,5.2:1,,,98,,,,,,,3.8,-,-,12.51,-,-,738,688
169,Sirius 20S,Spinning,2,,,,5.4:1,,,111,,,,,,,3.6,4.5,-,8.15,-,-,598,418
170,Pulsar 2000,Spinning,2,,,,5.8:1,,,104,,,,,,,3.8,4.2,-,11.05,-,-,650,599.5
171,Proton 2000,Spinning,2,,,,5.2:1,,,104,,,,,,,3.6,4.2,-,9.55,-,-,495,395
172,Pride 2000S,Spinning,2,,,,5.6:1,,,104,,,,,,,4,-,-,4.41,-,-,399,298.5
173,Element PRO 2000,Spinning,2,,,,5.4:1,,,98,,,0.5,,,,3.33 3.6,4.2,-,7.48,-,-,300,191.8
174,Hercules G2 20s,Spinning,2,,,,5.0:1,,,104,,,0.56,,,,3.7,-,-,6.94,-,-,460,
175,Element 2000,Spinning,2,,,,5.4:1,,,98,,,,,,,3.6,4.2,-,5.79,-,-,249,129
176,Lagoon-HP 2 2000S,Spinning,2,,,,5.6:1,,,117,,,,,,,3.3 3.5,-,-,5,-,-,162,69.5
177,Vyatka-2,,2,,,,4.7:1,,,111,,,0.47,,,,4.01 - 4.38 4.5,-,-,4.53 - 4.72,-,-,655,
178,Hydra Smart 2 25s,Spinning,2,,,,5.0:1,,,123,,,0.49,,,,3.15 - 3.41 3.4,4.5,-,5.4 - 5.51,-,-,63,58.5
179,Hydra Smart 25s,Spinning,2,,,,5.0:1,,,123,,,,,,,2.78 2.7,-,-,2.8,-,-,63,
180,Libra 2 2000S,Spinning,2,,,,5.4:1,,,111,,,,,,,3.25 3.3,-,-,4.1,-,-,32,
181,Spark 2 2000S,Spinning,2,,,,5.4:0,,,111,,,,,,,3.1 3.2,-,-,3.4,-,-,9,
182,Ğ‘Ğ•Ğ—Ğ«ĞĞ•Ğ Ğ¦Ğ˜ĞĞĞĞ«Ğ• 1 000 Ğ•Ğ¼ĞºĞ¾ÑÑ‚ÑŒ Ğ¿Ñ€Ğ¸ Ñ‚Ğ¾Ğ»Ñ‰Ğ¸Ğ½Ğµ Ğ»ĞµÑĞºĞ¸ 0.18Ğ¼Ğ¼,,,,,,,,,,,,,,,,,,,,,,,
183,Bestia II 1000 SHS,,1,,,,7.1:1,,,103,,,0.62,,,,8.54 8.6,-,-,11.41,-,-,7900,
184,Overlord 3RS 10S,Spinning,1,,,,5.9:1,,,103,,,0.56,,,,8.2,-,-,12.02,-,-,7500,
185,Overlord 3GS 10S,Spinning,1,,,,5.7:1,,,103,,,,,,,7.7,-,-,10.02,-,-,6500,
186,Overlord 3BS 10S,Spinning,1,,,,5.9:1,,,103,,,,,,,7.3,-,-,9.55,-,-,5600,
187,Bestia 1000,Spinning,1,,,,5.2:1,,,94,,,,,,,7.2,-,-,10.01,-,-,5487,
188,JSX Inferno 10S,Spinning,1,,,,6.2:1,,,103,,,0.58,,,,8.2,-,-,11.04,-,-,6723,
189,JSX 10S,Spinning,1,,,,6.2:1,,,103,,,,,,,7.7,-,-,9,-,-,6144,
190,P-Series 2 GS 10S,Spinning,1,,,,5.2:1,,,94,,,,,,,6.5,-,-,7.19,-,-,4628,
191,Overlord 3E 10S,Spinning,1,,,,5.9:1,,,103,,,,,,,6.4,-,-,8.49,-,-,4500,
192,Admiral 1000s,Spinning,1,,,,5.2:1,,,103,,,,,,,6.3,-,-,9,-,-,4054,
193,Z-Series 2 10S,Spinning,1,,,,5.2:1,,,94,,,,,,,6,-,-,7.88,-,-,3597,
194,Overlord 3B 10S,Spinning,1,,,,5.7:1,,,103,,,,,,,5.5,-,-,8.49,-,-,3000,
195,Overlord 3 10S,Spinning,1,,,,5.3:1,,,103,,,,,,,5,-,-,8.51,-,-,2500,
196,Overlord 3 10S 8-Years,Spinning,1,,,,6.1:1,,,103,,,,,,,5,-,-,,-,-,12.62/21.04,
197,Natora 1000,Spinning,1,,,,5.2:1,,,94,,,,,,,5,-,-,5.8,-,-,2349,1948.5
198,Corsair 10S,Spinning,1,,,,6.2:1,,,94,,,0.58,,,,4.8,-,-,7.29,-,-,2099,1498.5
199,Fisher MT10,Spinning,1,,,,5.1:1,,,103,,,0.5,,,,5.2 5.2,-,-,7.89,-,-,1999,
200,Bird 2 GSX 10S,Spinning,1,,,,5.2:1,,,94,,,,,,,4,-,-,5.91,-,-,1373,852.8
201,Alfa 1000,Spinning,1,,,,5.8:1,,,103,,,0.48,,,,3.44 3.6,4.2,-,5.77,-,-,1051,650.8
202,Bird 2 GS 10S,Spinning,1,,,,5.2:1,,,94,,,,,,,3.4,-,-,5.52,-,-,870,559.8
203,EasySpin 1000s,Spinning,1,,,,5.2:1,,,94,,,,,,,3.2,-,-,5.12,-,-,629,399
204,Pegasus 10s,Spinning,1,,,,5.0:1,,,94,,,,,,,2.3,-,-,4.97,-,-,399,258.8
205,Element PRO 1000,Spinning,1,,,,5.4:1,,,103,,,,,,,2,-,-,4.92,-,-,300,151.8
206,Element 1000,Spinning,1,,,,5.4:1,,,103,,,,,,,2,-,-,4.04,-,-,219,129
207,Lagoon 1000S,Spinning,1,,,,6.1:1,,,103,,,,,,,1.8 1.8,-,-,3.8,-,-,183,89.95
208,Ğ‘ĞĞ™Ğ¢ĞšĞĞ¡Ğ¢Ğ˜ĞĞ“ĞĞ’Ğ«Ğ• ĞšĞ›ĞĞ¡Ğ¡Ğ˜Ğ§Ğ•Ğ¡ĞšĞ˜Ğ• Ğ•Ğ¼ĞºĞ¾ÑÑ‚ÑŒ Ğ¿Ñ€Ğ¸ Ñ‚Ğ¾Ğ»Ñ‰Ğ¸Ğ½Ğµ Ğ»ĞµÑĞºĞ¸ 0.32Ğ¼Ğ¼,,,,,,,,,,,,,,,,,,,,,,,
209,Minister CS ES60,Classic Baitcasting,11.5,,,,4.7:1,,,265,,,0.49,,,,26.3,-,-,143.56,-,-,26999,
210,Minister Phantom,Classic Baitcasting,3.2,,,,6.3:1,,,109,,,0.7,,,,10.95-10.96 11,-,-,62.05-62.11,-,-,-,
211,Phantom Super,,3.2,,,,8.1:1,10.1:1,,123,105,,0.88,1.11,0.91,1.14,10.93 11,-,-,63.7,38.2,-,24445,
212,Phantom Super 7-Years,,3.2,,,,8.1:1,10.1:1,,123,105,,0.88,1.11,0.91,1.14,10.93 11,-,-,63.7,38.2,-,80.33/123.59,
213,Rocket Jet SG80,,31.5,,,,3.9:1,5.1:1,3.4:1,584,,,0.56,?,?,,30.72 30.8,-,-,146.7 - 147.5,?,?,31989,
214,Rocket Jet SG80 7-Years,,31.5,,,,3.9:1,5.1:1,3.4:1,584,,,0.56,?,?,,30.72 30.8,-,-,146.7 - 147.5,?,?,116.94/155.92,
215,Rocket Jet SG80 Desert sand,,31.5,,,,3.9:1,5.1:1,3.4:1,584,,,0.56,?,?,,30.72 30.8,-,-,146.7 - 147.5,?,?,116.94/155.92,
216,Rocket Jet SG70,,18,ğŸ’§,,,4.2:1,5.1:1,,411,,,0.51,?,,,27.2,-,-,136,?,-,23998,
217,Rocket Jet RJ7,Classic Baitcasting,18,ğŸ’§,,,4.1:1,,,384,,,0.5,,,,27.2,-,-,126,-,-,-,
218,Centauri ZC80,Classic Baitcasting,35,ğŸ’§,,,4.7:1,,,567,,,0.57,,,,23.39 23.5,24.3,-,125.85,-,-,20948,
219,Centauri ZC70,Classic Baitcasting,27.5,ğŸ’§,,,4.7:1,,,366,,,0.57,,,,20.4,21.9,-,117.4,-,-,15999,
220,Classic SG70,,27.5,ğŸ’§,,,4.1:1,,,384,,,0.5,,,,23.5,24.3,-,114.77,-,-,16594,
221,Classic SG70 6 Years,,23.5,ğŸ’§,,,4.5:1,,,384,,,,,,,23.5,-,-,,-,-,-,
222,Monster LD60,Classic Baitcasting,11,,,,5.1:1,,,242,,,0.55,,,,20.79 20.9,21.9,-,90.17,-,-,15318,
223,Minister NGT LD60,Classic Baitcasting,15,,,,5.1:1,,,265,,,0.54,,,,20.01 20,21,-,97.75,-,-,13425,
224,Minister NGT LD50,Classic Baitcasting,10,,,,5.3:1,,,201,,,0.56,,,,18.84 19,19.9,-,92.01,-,-,11499,
225,Minister CS LD60,Classic Baitcasting,13,,,,5.1:1,,,265,,,0.53,,,,20,21,-,116.46,-,-,14999,
226,Minister CS PG60,Classic Baitcasting,15.5,,,,3.8:1,,,265,119,,0.4,0.45,,,18.94 19,19.9,-,116.64,-,-,13999,
227,Minister CS SR60,Classic Baitcasting,15.5,,,,5.1:1,,,265,,,0.53,,,,19,19.9,-,103.5,-,-,12800,
228,Minister CS SG60,Classic Baitcasting,15.5,,,,5.1:1,,,265,,,0.53,,,,18.1,-,-,110.97,-,-,12000,
229,Minister CS 60,Classic Baitcasting,15.5,,,,5.1:1,,,265,,,0.53,,,,17.2,18,-,99.68,-,-,9700,
230,Minister CS 60 6 Years,Classic Baitcasting,13,,,,5.3:1,,,329,,,,,,,17.2,-,-,,-,-,-,
231,Spear SG70,Classic Baitcasting,29,ğŸ’§,,,4.1:1,,,384,,,0.5,,,,19.03 19,19.9,-,97.45,-,-,11433,
232,Ranger Z70,Classic Baitcasting,29,ğŸ’§,,,4.1:1,,,384,,,0.5,,,,18.05 18.1,-,-,88.19,-,-,9977,
233,Steelness ZMS60,Classic Baitcasting,15.5,,,,5.3:1,,,265,,,0.55,,,,17.29 17.2,18,-,91.84,-,-,8500,
234,Imperial R605,,15,,,,4.4:1,,,311,,,0.42,,,,16.3,17.1 / 18.1,-,99.41,-,-,9117,
235,Imperial R605 6-Anniversary,,13,,,,4.3:1,,,347,,,0.42,,,,18.1 18.1,-,-,105.35,-,-,-,
236,Imperial R605 El. Mag. RG,,13,,,,4.3:1,,,347,,,0.42,,,,18.1,-,-,105.35,-,-,70,
237,ĞĞ“ IMPERIAL R600. Ğ’Ğ«ĞŸĞĞ”ĞĞ› Ğ’ ĞŸĞ Ğ•ĞœĞ˜Ğ£ĞœĞĞ«Ğ¥ ĞŸĞĞ”ĞĞ ĞšĞĞ¥. Ğ¨ĞĞĞ¡ Ğ’Ğ«ĞŸĞĞ”Ğ•ĞĞ˜Ğ¯ ~1%,,,,,,,,,,,,,,,,,,,,,,,
238,Steelness ZMS50,Classic Baitcasting,10.5,,,,6.8:1,,,201,,,0.71,,,,17.2,18,-,82.99,-,-,7785,
239,SAL5000,Classic Baitcasting,11,,,,5.3:1,,,311,,,0.55,,,,17.97 18.2,-,-,106.1,-,-,7999,
240,Ranger Z60,Classic Baitcasting,13,,,,5.3:1,,,265,,,0.55,,,,15.97 15.9,-,-,78.01,-,-,6299,
241,Billionare HV 60R,,18.5,,,,5.1:1,,,265,,,0.57,,,,17.2 - 17.51 18,19,-,76.78 - 79.92,-,-,7510,
242,ZM-4 Z60,Classic Baitcasting,13.5,,6.5,7,6.3:1,,,265,164,,0.66,?,,,15,15.6,-,74.19,-,-,5537,
243,ZM-4 Z-60 8-Years,,13.5,,6.5,7,6.1:1,,,265,164,,0.64,?,,,14.86 15,15.6,-,76.08,-,-,27.51/42.33,
244,ZM-4 Z50,Classic Baitcasting,10.5,,,,6.3:1,,,201,119,,0.66,?,,,15.02 - 15.09 15,15.6,-,68.95 - 69.4,-,-,4599,
245,ZM-4 Z40,Classic Baitcasting,6.5,,1.7,1.9,6.3:1,5.1:1,,137,100,,0.66,0.71,,,12.67 12.7,13.96 14,-,63.34,75.12,,4097,
246,ZM-4 Z-40 8-Years,,6.5,,1.7,1.9,7.1:1,,,137,100,,0.74,?,,,12.58 12.7,14,-,63.65,,,21.24/32.67,
247,Castmaster LGR1973,Classic Baitcasting,12.5,,,,3.2:1,,,215,,,0.34,,,,15.26 15.4,-,-,75.42,,,4199,
248,Billionare 60R,,17.5,,,,5.1:1,4.6:1,,265,,,0.57,0.57,,,13.21 13.6,14.98 15,-,71.05,77.64,,3797,
249,Billionare 50R,,12,,,,5.1:1,,,201,,,0.57,,,,11,12.6,-,56.82,,,2299,
250,ZM-3 Z-60,,17,,,,5.3:1,,,265,,,0.55,,,,12.7,14,-,56.19,,,3408,
251,ZM-3 Z-50,,11.5,,,,5.3:1,,,201,,,0.55,,,,12.7,14,-,51.97,,,2989,
252,ZM-3 Z-40,,7.5,,,,5.3:1,,,137,,,0.55,,,,11,12.6,-,49.58,,,2499,
253,SteelHead 600-R,Classic Baitcasting,25.5,,,,5.1:1,,,256,,,0.56,,,,14.8 - 15.5 16,16.8,-,53 - 56.3,,,4711,
254,SteelHead 500-R,Classic Baitcasting,15.5,,,,5.1:1,,,201,,,0.56,,,,12.5,13.7,-,39.75,,,2358,
255,Minister 2000,Classic Baitcasting,5.5,,,,4.5:1,6.0:1,,128,,,0.5,?,,,8.6 8.6,-,-,54.54,?,,2126,
256,Black Box ZBB60,Classic Baitcasting,18,,,,5.9:1,,,265,164,,0.62,0.69,,,10.8 - 11.1 11,12.6,-,40 - 41.7,,,1570,
257,Black Box ZBB50,Classic Baitcasting,11.5,,,,5.9:1,,,192,,,0.62,,,,9,-,-,56.82,,,1160,
258,Compact ZC60,Classic Baitcasting,23.5,,,,5.3:1,,,256,,,0.56,,,,9,-,-,35.08,,,1124,
259,Compact ZC50,Classic Baitcasting,13.5,,,,5.3:1,,,183,,,0.56,,,,8.6,-,-,33.42,,,949,
260,Compact ZC40,Classic Baitcasting,9.5,,,,5.3:1,,,137,,,0.56,,,,8.6,-,-,30.67,,,899,
261,Zodiac 500-R2,Classic Baitcasting,15.5,,3.1,2.4,5.1:1,4.3:1,6.2:1,192,86,,0.57,0.57,0.57,0.78,7.3,9.16 - 9.18 9.2,-,29.25,35.73,31.45,869,
262,Spider 400-R2,Classic Baitcasting,13,,,,5.1:1,,,137,,,0.57,,,,7.5,9,-,17.51,,,499,
263,Magellan 400,Classic Baitcasting,14,,,,5.2:1,,,132,,,0.59,,,,6.3,7,-,13.84,,,399,
264,Winner Round II,Classic Baitcasting,17,,,,5.1:1,,,183,,,0.57,,,,5.5,6.9,-,10.2,,,249,
265,Ğ¡Ğ˜Ğ›ĞĞ’Ğ«Ğ• ĞœĞ£Ğ›Ğ¬Ğ¢Ğ˜ĞŸĞ›Ğ˜ĞšĞĞ¢ĞĞ Ğ« Ğ•Ğ¼ĞºĞ¾ÑÑ‚ÑŒ Ğ¿Ñ€Ğ¸ Ñ‚Ğ¾Ğ»Ñ‰Ğ¸Ğ½Ğµ Ğ»ĞµÑĞºĞ¸ 0.32Ğ¼Ğ¼,,,,,,,,,,,,,,,,,,,,,,,
266,Electro Raptor 40,,126.5,ğŸ’§,,,2.4:1,,,1510,,,190Ğ¼./Ğ¼Ğ¸Ğ½.,,,,38.1,-,47,401.79 Â± 10,,,119871,
267,Electro Raptor 40 7-Years,,126.5,ğŸ’§,,,2.4:1,,,1510,,,190Ğ¼./Ğ¼Ğ¸Ğ½.,,,,38.1,-,47,401.79 Â± 10,,,289/321.14,
268,Electro Raptor 40 Dragon Edit.,,126.5,ğŸ’§,,,2.4:1,,,1510,,,190Ğ¼./Ğ¼Ğ¸Ğ½.,,,,38.1,-,47,401.79 Â± 10,,,289.02/321.14,
269,Electro Raptor 40 FT,,126.5,ğŸ’§,,,2.4:1,,,1510,,,190Ğ¼./Ğ¼Ğ¸Ğ½.,,,,38.1,-,47,401.79 Â± 10,,,289.02/321.14,
270,Electro Raptor 20,,40.5,ğŸ’§,,,3.2:1,,,814,,,180Ğ¼./Ğ¼Ğ¸Ğ½.,,,,31.7,-,33,368 Â± 10,,,71989,
271,Electro Raptor 20 7-Years,,40.5,ğŸ’§,,,3.2:1,,,814,,,180Ğ¼./Ğ¼Ğ¸Ğ½.,,,,31.7,-,33,368 Â± 10,,,147.44/245.74,
272,Electro Raptor 20 Dragon Edit.,,40.5,ğŸ’§,,,3.2:1,,,814,,,180Ğ¼./Ğ¼Ğ¸Ğ½.,,,,31.7,-,33,368 Â± 10,,,172.02/245.74,
273,Electro Raptor 20 FT,,40.5,ğŸ’§,,,3.2:1,,,814,,,180Ğ¼./Ğ¼Ğ¸Ğ½.,,,,31.7,-,33,368 Â± 10,,,172.02/245.74,
274,Borealica 40 DS,,84,ğŸ’§,,,4.0 | 1.6:1,,,1547,,,0.68 | 0.27,,,,35.4,-,-,>205,,,89598,
275,Borealica 40 DS 6 Anniversary,,84,ğŸ’§,,,4.0 | 1.6:1,,,1547,,,0.68 | 0.27,,,,35.4,-,-,>205,,,-,
276,Borealica 30 DS,Conventional,49.5,ğŸ’§,,,4.0 | 1.7:1,,,1277,,,0.64 | 0.28,,,,34,-,-,450 Â± 10,,,78999,
277,Borealica 30 DS 6 Anniversary,,49.5,ğŸ’§,,,4.0 | 1.7:1,,,1277,,,0.64 | 0.28,,,,34,-,-,450 Â± 10,,,-,
278,Imperial C40 2S,,80.5,ğŸ’§,,,4.6 | 1.6:1,,,1327,,,0.73 | 0.27,,,,32.6,-,-,>205,,,74994,
279,Imperial C40 2S 6 Anniversary,,86,ğŸ’§,,,4.4 | 1.5:1,,,1373,,,0.71 | 0.25,,,,32.6,-,-,>205,,,-,
280,Borealica 20 DS,Conventional,20,ğŸ’§,,,5.0 | 1.7:1,,,700,,,0.77 | 0.26,,,,30.8,-,-,>205,,,68999,
281,Triumph 30 2S,Conventional,51.5,ğŸ’§,,,3.8 | 1.7:1,,,1419,,,0.79 | 0.35,,,,32.9 33.6,-,-,405 Â± 10,,,69987,
282,Triumph 30 2S 8-Anniversary,Conventional,51.5,ğŸ’§,,,4.0 | 1.8:1,,,1419,,,0.83 | 0.37,,,,33.35 33.6,-,-,400+,,,217.87/242.08,
283,Triumph 20 2S,Conventional,25.5,ğŸ’§,,,3.8 | 1.7:1,,,769,,,0.56 | 0.25,,,,31.8,-,-,>205,,,62679,
284,Triumph 10 2S,Conventional,15,ğŸ’§,,,4.7 | 2.1:1,,,567,,,0.64 | 0.29,,,,30.8,-,-,â‰¥205,,,53589,
285,Venga C 40 2S,Conventional,70.4,ğŸ’§,,,4.8 | 1.6:1,,,1263,,,0.8 | 0.26,,,,30.8,-,-,>205,,,57680,
286,Venga C 30 2S,Conventional,49.5,ğŸ’§,,,5.3 | 1.6:1,,,929,,,0.79 | 0.24,,,,29,-,-,300 Â± 10,,,49783,
287,Venga C 20 2S,Conventional,30,ğŸ’§,,,6.0 | 2.3:1,,,627,,,0.78 | 0.3,,,,29,-,-,â‰¥205,,,44486,
288,Albacore 40 DS,Conventional,53.5,ğŸ’§,,,5.2 | 2.3:1,,,1272,,,0.9 | 0.4,,,,30.8,-,-,>205,,,61982,
289,Albacore 20,Conventional,17.5,ğŸ’§,,,5.7:1,,,631,,,0.82,,,,23.6,-,-,â‰¥205,,,44479,
290,Taiga 40 2S,,77,ğŸ’§,,,4.3 | 1.8:1,,,1364,,,0.87 | 0.36,,,,24.5,-,-,274,,,42987,
291,California 40,,120,ğŸ’§,,,2.4:1,4.5:1,,1634,,,0.41,0.77,,,26.14 26.3,-,-,290,276,,39951,
292,Taiga 20 2S,,32.5,ğŸ’§,,,4.3 | 1.8:1,,,604,,,0.58 | 0.24,,,,22.7,-,-,â‰¥205,,,38983,
293,Tongar 2Gen 30 DS,,47,ğŸ’§,,,5.4 | 2.4:1,,,1203,,,0.85 | 0.38,,,,21.58 -21.63 21.8,-,-,â‰¥205,,,37985,
294,Tongar 30 DS,Conventional,43.5,ğŸ’§,,,5.0 | 2.0:1,,,1080,,,0.76 | 0.31,,,,21.8,-,-,>205,,,,
295,Tongar 2Gen 20 DS,,27,ğŸ’§,,,5.7 | 2.6:1,,,627,,,0.83 | 0.38,,,,18.78 19,-,-,166.25,,,27982,
296,Tongar 20 DS,Conventional,20,ğŸ’§,,,5.0 | 2.0:1,,,544,,,0.67 | 0.27,,,,19,-,,173.25,,,,
297,Tongar 2Gen 20,,27,ğŸ’§,,,6.4:1,,,627,,,0.94,,,,18.82 19,-,-,163.24,,,25984,
298,Tongar 20,Conventional,20,ğŸ’§,,,5,,,544,,,0.67,,,,19,-,,173.25,,,,
299,Tera L-LD 40,Conventional,70,ğŸ’§,,,4.3:1,,,1300,,,0.67,,,,21.8,-,-,157.72,,,29988,
300,Tera L-LD 30,Conventional,49.5,ğŸ’§,,,5.1:1,,,938,,,0.69,,,,20.9,-,-,142.77,,,23984,
301,Tera L-LD 20,Conventional,29.5,ğŸ’§,,,6.1:1,,,563,,,0.72,,,,19,-,-,121.9,,,16983,
302,Tera C-LW 40,Conventional,73,ğŸ’§,,,4.0:1,,,1235,,,0.62,,,,20.9,-,-,147.61,,,24998,
303,Tera C-LW 30,Conventional,53,ğŸ’§,,,4.9:1,,,855,,,0.69,,,,19,-,-,131.78 - 132.06,,,17499,
304,Tera C-LW 20,Conventional,31,ğŸ’§,,,4.9:1,,,517,,,0.63,,,,18.1,-,-,104.76,,,12979,
305,Cardinal 30 2S,Conventional,56,ğŸ’§,,,3.8 | 1.7:1,,,1419,,,0.79 | 0.35,,,,22.7,-,-,152.5,,,33980,
306,Cardinal 30,Conventional,56,ğŸ’§,,,3.5:1,,,1419,,,0.73,,,,22.7,-,-,167.89,,,31085,
307,Cardinal 20 2S,Conventional,27,ğŸ’§,,,3.8 | 1.7:1,,,769,,,0.56 | 0.25,,,,21.22 21.8,-,-,130.23,,,25290,
308,Cardinal 20,Conventional,27,ğŸ’§,,,3.5:1,,,769,,,0.52,,,,21.8,-,-,133.84,,,24588,
309,Cardinal 10,Conventional,16.5,ğŸ’§,,,6.0:1,,,567,,,0.82,,,,20,-,-,104.39,,,16479,
310,Palomar 30,Conventional,38,ğŸ’§,,,6.2:1,,,814,,,0.87,,,,19,-,-,133.6,,,18485,
311,Palomar 20,Conventional,18.5,ğŸ’§,,,6.2:1,,,521,,,0.78,,,,18.1,-,-,133.33,,,16785,
312,Palomar 10,Conventional,13,ğŸ’§,,,6.2:1,,,329,,,0.75,,,,17.2,-,-,122.37,,,13988,
313,Billionare 30 MS,,52.5,ğŸ’§,,,4.2 | 2.1:1,,,888,,,0.61 | 0.3,,,,20.95 21.7,-,-,86.51,,,19979,
314,Billionare 20,,32,ğŸ’§,,,5.1:1,,,480,,,0.67,,,,20,-,-,79.54,,,14950,
315,Billionare 10,,24,ğŸ’§,,,5.1:1,,,265,,,0.58,,,,18,19,-,78.86,,,10880,
316,Taiga C 40,Conventional,77,ğŸ’§,,,2.9:1,,,1208,,,0.54,,,,16.98 17.2,-,-,136.13,,,15590,
317,Taiga C 30,Conventional,54,ğŸ’§,,,3.3:1,,,819,,,0.5,,,,15.2 15.4,-,-,109.46,,,10494,
318,Taiga C 30 2S 7-Anniversary,Conventional,54,ğŸ’§,,,4.2 | 2.0:1,,,819,,,0.64 | 0.3,,,,15.4,-,-,109.5,,,53.2/70.94,
319,Taiga C 20,Conventional,32.5,ğŸ’§,,,4.0:1,,,526,,,0.56,,,,15.4,-,-,94.44,,,9693,
320,Rigal 20 2S,Conventional,17,ğŸ’§,,,6.4 | 3.8:1,,,530,,,0.85 | 0.51,,,,16.26 16.3,-,-,74.33 - 74.58,,,8799,
321,Oriental 30,Conventional,40.5,ğŸ’§,,,5.2:1,,,759,,,0.67,,,,15.9,-,-,87.1,,,9388,
322,Oriental Noble F30,,42.5,ğŸ’§,,,4.9:1,,,860,,,0.63,,,,17.08 17.2,-,-,100.81,,,39.07/65.11,
323,Oriental 20,Conventional,19,ğŸ’§,,,5.2:1,,,530,,,0.61,,,,14.5,-,-,87.13,,,8189,
324,Oriental Noble F20,,20,ğŸ’§,,,7.1:1,,,617,,,0.82,,,,15.74 15.9,-,-,90.38,,,35.07/58.45,
325,SteelHead C-30,Conventional,50.5,ğŸ’§,,,4.8:1,,,814,,,0.7,,,,15.92 17.2,-,-,54.12,,,8980,
326,SteelHead C-20,Conventional,30.5,ğŸ’§,,,4.8:1,,,503,,,0.61,,,,16,16.8,-,49.67,,,6280,
327,SteelHead C-10,Conventional,19,ğŸ’§,,,4.8:1,,,256,,,0.55,,,,14.5,-,-,47.42,,,5390,
328,Argus 30,Conventional,39,ğŸ’§,,,4.2:1,,,631,,,0.56,,,,12.69 12.7,-,-,64.97,,,5190,
329,Argus 20,Conventional,19,ğŸ’§,,,4.2:1,,,384,,,0.5,,,,11.8,-,-,64.49,,,4591,
330,Argus 10,Conventional,13.5,ğŸ’§,,,4.2:1,,,256,,,0.46,,,,10.9,-,-,61.96,,,3791,
331,Halibut 20 2S,Conventional,18.5,ğŸ’§,,,6.4 | 3.8:1,,,530,,,0.85 | 0.51,,,,12.64 12.7,-,-,40.71,,,3990,
332,Halibut 20,Conventional,18.5,ğŸ’§,,,6.4:1,,,530,,,0.85,,,,12.7,-,-,41.59,,,3590,
333,Isinga 30,,47,ğŸ’§,,,3.9:1,,,727,,,0.54,,,,14.57 14.5,-,-,63.83,,,5995,
334,Isinga 20,,28,ğŸ’§,,,5.1:1,,,444,,,0.63,,,,12.7,-,-,55,,,4193,
335,Isinga 10,,17,ğŸ’§,,,5.1:1,,,265,,,0.59,,,,11.8,-,-,48.11,,,3385,
336,Altitude 20,Conventional,30,ğŸ’§,,,4.7:1,,,407,,,0.62,,,,12.56 12.7,-,-,53.37,,,4388,
337,Altitude 10,Conventional,17,ğŸ’§,,,5.1:1,,,251,,,0.54,,,,10.88 - 10.96 11,-,-,46.12 - 46.22,,,3190,
338,Hamra C-LW 30,Conventional,48,ğŸ’§,,,2.8:1,,,659,,,0.38,,,,12.7,-,-,5.2,,,4199,
339,Hamra C-LW 20,Conventional,29,ğŸ’§,,,3.2:1,,,407,,,0.4,,,,11.8,-,-,45.93,,,3099,
340,Hamra C-LW 10,Conventional,17.5,ğŸ’§,,,3.4:1,,,270,,,0.4,,,,10.9,-,-,38.75,,,2499,
341,Seagull 30,Conventional,45,ğŸ’§,,,6.2:1,,,595,,,0.81,,,,11.8,-,-,37.22,,,2690,
342,Seagull 20,Conventional,29,ğŸ’§,,,6.2:1,,,471,,,0.81,,,,10,-,-,36.54,,,1989,
343,Narga 30,,48,ğŸ’§,,,3.9:1,,,590,,,0.54,,,,9.61 10,-,-,33.22,,,1890,
344,Narga 20,Spinning,29,ğŸ’§,,,5.1:1,,,398,,,0.63,,,,9,-,-,29.6,,,1348,
345,Narga 10,,17.5,ğŸ’§,,,5.1:1,,,265,,,0.59,,,,8.2,-,-,27.65,,,1190,
346,Simplex 400,Conventional,63.5,ğŸ’§,,,3.8:1,,,1135,,,0.67,,,,9.61 10,-,-,33.75,,,1990,
347,Simplex 300,Conventional,46,ğŸ’§,,,3.8:1,,,787,,,0.57,,,,9,-,-,31.98,,,1389,
348,Simplex 200,Conventional,28,ğŸ’§,,,5.1:1,,,411,,,0.67,,,,8.2,-,-,28.77,,,1189,
349,Zodiac Ğ¡-20,,31.5,ğŸ’§,,,5.1:1,,,416,,,0.67,,,,9,-,-,25.32,,,1290,
350,Zodiac Ğ¡-10,,19,ğŸ’§,,,5.1:1,,,256,,,0.6,,,,8,9.2,-,26.7,,,1099,
351,Winner Trolling 30,Conventional,58,,,,4.3:1,,,530,,,0.57,,,,7.02 7.3,-,-,15.46 - 16.6,,,779,
352,Winner Trolling 20,Conventional,36.5,,,,5.1:1,,,306,,,0.62,,,,6.4,-,-,12.52,,,590,
353,Winner Trolling 10,Conventional,28.5,,,,5.1:1,,,228,,,0.58,,,,5.5,6.9,-,10.84,,,350,
354,Ğ‘ĞĞ™Ğ¢ĞšĞĞ¡Ğ¢Ğ˜ĞĞ“ĞĞ’Ğ«Ğ• ĞĞ˜Ğ—ĞšĞĞŸĞ ĞĞ¤Ğ˜Ğ›Ğ¬ĞĞ«Ğ• LP Ğ•Ğ¼ĞºĞ¾ÑÑ‚ÑŒ Ğ¿Ñ€Ğ¸ Ñ‚Ğ¾Ğ»Ñ‰Ğ¸Ğ½Ğµ Ğ»ĞµÑĞºĞ¸ 0.28Ğ¼Ğ¼,,,,,,,,,,,,,,,,,,,,,,,
355,Jet-Series ULX,,1.6,,,,7.1:1,,,106,,,0.74,,,,9.38 9.5,-,-,36.59,,,106.43,
356,JSX Inferno,Low-Profile Baitcasting,1.7,,,,8.0:1,,,111,,,0.82,,,,9.45 9.5,-,-,31.38,,,17879,
357,Jet-Series JSXHS-R,Low-Profile Baitcasting,1.9,,1.5,,7.9:1,,,115,87,,0.81,0.84,,,9.04,-,-,34.92,,,10940,
358,Jet-Series JSX-R,Low-Profile Baitcasting,1.9,,,,7.1:1,,,115,,,0.72,,,,9,-,-,36.69,,,10940,
359,Polestar ELT,,2.8,,,,7.1:1,,,130,,,0.71,,,,8.58 8.6,-,-,40.51,,,49.72,
360,Skipper LP-R HS,,2.8,,2.3,2.1,7.8:1,6.4:1,6.8:1,125,111,,0.93,?,?,?,8.8,-,-,43,?,?,9498,
361,Jet-Bullet,Low-Profile Baitcasting,2.7,,2.3,2.2,10.1:1,,,120,95,78,1.01,1.05,1.11,,8.12 - 8.18 8.2,8.72 - 8.73 8.7,-,36.07 - 36.58,,,7543,
362,Jet-Series JSGHS-R,Low-Profile Baitcasting,2.8,,,,7.1:1,,,125,,,0.71,,,,8.6,-,-,31.91,,,5887,
363,Jet-Series JSG-R,Low-Profile Baitcasting,2.8,,,,6.4:1,,,125,,,0.65,,,,8.56 8.6,-,-,34.56,,,5887,
364,Pillar 2 TPC-R-HS,Low-Profile Baitcasting,2.7,,1.8,,7.8:1,,,125,82,,0.91,0.99,,,7.87 8.2,8.6 8.6,-,36.74,,,4849,
365,Pillar 2 TPC-R,Low-Profile Baitcasting,2.7,,,,7.1:1,,,125,,,0.85,,,,8.2,8.6,-,38.9,,,4849,
366,Zero GS ZG-R,Low-Profile Baitcasting,4.5,,,,7.1:1,5.8:1,,130,,,0.67,?,,,9.05,-,-,56.56,?,,4377,
367,Mayjor 2,,3.1,,,,6.4:1,8.1:1,,106,,,0.78,?,,,7.3,8,-,27.9,?,,3810,
368,Jet-Series JS,Low-Profile Baitcasting,3.4,,2.3,2.2,6.4:1,8.0:1,,125,95,78,0.63,?,0.84,0.9,7.29 7.3,8.12 8.1,-,38.72,44.84,,3591,
369,Zero 2 ZR,,3.7,,,,7.1:1,,,135,,,0.69,,,,7.7,8.4,-,43.41,,,3590,
370,Zero 2 ZHS-R,Low-Profile Baitcasting,3.7,,,,6.4:1,,,135,,,0.62,,,,7.7,8.4,-,44.59,,,3490,
371,Alfa Pro LP,,3.8,,2.3,2.1,6.6:1,8.1:1,,130,106,,0.66,0.66,0.87,,7.56 7.8,8.3,-,33.49,?,,3295,
372,Alfa Pro LP Ac. Or. Red. Wh.,,3.8,,2.3,2.1,6.6:1,8.1:1,,130,106,,0.66,0.66,0.87,,7.56 7.8,8.3,-,33.49,?,,16.18/26.97,
373,Pro Bird 2,Low-Profile Baitcasting,4,,,,7.1:1,,,140,,,0.68,,,,7.7,8.4,-,34.54,,,3109,
374,Spectrum,Low-Profile Baitcasting,3.8,,,,7.1:1,7.8:1,,115,,,0.86,?,,,7.3,8,-,31.93,?,,2999,
375,Silver Bird 2,Low-Profile Baitcasting,4.5,,,,6.4:1,,,140,,,0.61,,,,7.3,8.1,-,26.68,,,2596,
376,Charger 2,Low-Profile Baitcasting,4.1,,,,7.1:1,,,140,,,0.81,,,,6.8,-,-,28.93,,,2499,
377,T-Tech STT-HSR,Low-Profile Baitcasting,3.9,,,,7.3:1,,,140,,,0.86,,,,6.3,7,-,30.21,,,2099,
378,T-Tech STT-R,Low-Profile Baitcasting,3.9,,,,5.4:1,,,140,,,0.64,,,,6.3,7,-,29.68,,,1999,
379,Nitro 2,Low-Profile Baitcasting,3.9,,,,6.4:1,,,140,,,0.73,,,,5.7,6.5,-,21.49,,,1799,
380,Thunderbolt,Low-Profile Baitcasting,3.6,,2.7,,7.3:1,,,120,99,,0.87,0.87,,,5.27 5.4,6.22 6.5,-,21.76,,,1700,
381,SportPro X2,Low-Profile Baitcasting,4.9,,,,6.6:1,,,125,,,0.8,,,,5.2,6.2,-,23.02,,,1299,
382,Black Bird 2,Low-Profile Baitcasting,5.5,,,,6.4:1,,,144,,,0.6,,,,5,-,-,25.81,,,1298,
383,Riva 2,Low-Profile Baitcasting,4.9,,,,6.6:1,,,125,,,0.76,,,,4.8,5.5,-,19.51,,,1050,
384,Energy,Low-Profile Baitcasting,6,,,,6.2:1,,,135,,,0.73,,,,4.1,-,-,12.29,,,770,
385,Optimus,Low-Profile Baitcasting,6,,,,6.2:1,,,125,,,0.73,,,,3.6,-,-,6.16,,,392,181.6
386,Winner NG LP-HS,,5.5,,4,3.7,6.3:1,6.4:1,,130,,,0.75,?,,,4.43 4.5,-,-,13.56,?,,300,
387,Profisher,Low-Profile Baitcasting,6.5,,,,6.2:1,,,130,,,0.7,,,,3.2,-,-,8.03,,,190,139.9
