Category,Brand,Name,Type,Color,Length,Diameter,Load Capacity,Rating (Stars),Player Level,Price
Lines,Express Fishing,Super Line - 1.5lb,Nylon monofilament,Transparent,120m,0.10mm,700g,1,16.00
Lines,Express Fishing,Super Line - 3lb,Nylon monofilament,Transparent,120m,0.14mm,1.5kg,1,14.50
Lines,Express Fishing,Super Line - 5lb,Nylon monofilament,Transparent,120m,0.18mm,2.3kg,1,14.00
Lines,Express Fishing,Super Line - 7lb,Nylon monofilament,Transparent,120m,0.20mm,3.1kg,1,14.00
Lines,Express Fishing,Super Line - 8.5lb,Nylon monofilament,Transparent,120m,0.24mm,3.9kg,1,14.00
Lines,Express Fishing,Super Line - 10lb,Nylon monofilament,Transparent,120m,0.26mm,4.8kg,1,14.00
Lines,Express Fishing,Super Line - 12lb,Nylon monofilament,Transparent,120m,0.28mm,5.6kg,1,14.50
Lines,Express Fishing,Super Line - 16.5lb,Nylon monofilament,Transparent,120m,0.32mm,7.5kg,1,15.00
Lines,Express Fishing,Super Line - 20lb,Nylon monofilament,Transparent,120m,0.37mm,9.3kg,1,15.80
Lines,Express Fishing,Super Line - 24lb,Nylon monofilament,Transparent,120m,0.40mm,11kg,1,16.00
Lines,Syberia,Indiana - 3.5lb 100m Green,Nylon monofilament,Light Green,100m,0.14mm,1.7kg,2.5,115.50
Lines,Syberia,Indiana - 5lb 100m Green,Nylon monofilament,Light Green,100m,0.16mm,2.1kg,2.5,113.90
Lines,Syberia,Indiana - 8lb 100m Green,Nylon monofilament,Light Green,100m,0.19mm,3.5kg,2.5,112.80
Lines,Syberia,Indiana - 11lb 100m Green,Nylon monofilament,Light Green,100m,0.22mm,5kg,2.5,112.60
Lines,Syberia,Indiana - 16lb 100m Green,Nylon monofilament,Light Green,100m,0.27mm,7.5kg,2.5,113.50
Lines,Syberia,Indiana - 23lb 100m Green,Nylon monofilament,Light Green,100m,0.32mm,10.5kg,2.5,114.90
Lines,Syberia,Indiana - 28lb 100m Green,Nylon monofilament,Light Green,100m,0.38mm,13kg,2.5,114.90
Lines,Syberia,Indiana - 35lb 100m Green,Nylon monofilament,Light Green,100m,0.45mm,16kg,2.5,115.10
Lines,Syberia,Indiana - 3.5lb 100m Trns,Nylon monofilament,Transparent,100m,0.14mm,1.7kg,2.5,115.50
Lines,Syberia,Indiana - 5lb 100m Trns,Nylon monofilament,Transparent,100m,0.16mm,2.1kg,2.5,113.90
Lines,Syberia,Indiana - 8lb 100m Trns,Nylon monofilament,Transparent,100m,0.19mm,3.5kg,2.5,112.80
Lines,Syberia,Indiana - 11lb 100m Trns,Nylon monofilament,Transparent,100m,0.22mm,5kg,2.5,112.60
Lines,Syberia,Indiana - 16lb 100m Trns,Nylon monofilament,Transparent,100m,0.27mm,7.5kg,2.5,113.50
Lines,Syberia,Indiana - 23lb 100m Trns,Nylon monofilament,Transparent,100m,0.32mm,10.5kg,2.5,114.90
Lines,Syberia,Indiana - 28lb 100m Trns,Nylon monofilament,Transparent,100m,0.38mm,13kg,2.5,114.90
Lines,Syberia,Indiana - 35lb 100m Trns,Nylon monofilament,Transparent,100m,0.45mm,16kg,2.5,115.10
Lines,Simmons,Mono Original - 2.5lb Gray XL,Nylon monofilament,Gray,100m,0.09mm,1.2kg,4,527.80
Lines,Simmons,Mono Original - 4lb Gray XL,Nylon monofilament,Gray,100m,0.12mm,1.8kg,4,526.80
Lines,Simmons,Mono Original - 5lb Gray XL,Nylon monofilament,Gray,100m,0.15mm,2.3kg,4,525.80
Lines,Simmons,Mono Original - 7.5lb Gray XL,Nylon monofilament,Gray,100m,0.18mm,3.4kg,4,524.80
Lines,Simmons,Mono Original - 11.5lb Gray XL,Nylon monofilament,Gray,100m,0.21mm,5.2kg,4,522.80
Lines,Simmons,Mono Original - 15lb Gray XL,Nylon monofilament,Gray,100m,0.25mm,6.8kg,4,522.80
Lines,Simmons,Mono Original - 18lb Gray XL,Nylon monofilament,Gray,100m,0.28mm,8kg,4,522.80
Lines,Simmons,Mono Original - 25lb Gray XL,Nylon monofilament,Gray,100m,0.33mm,11.5kg,4,522.80
Lines,Simmons,Mono Original - 32lb Gray XL,Nylon monofilament,Gray,100m,0.40mm,14.5kg,4,523.80
Lines,Simmons,Mono Original - 40lb Gray XL,Nylon monofilament,Gray,100m,0.48mm,18kg,4,525.80
Lines,Simmons,Mono Original - 55lb Gray XL,Nylon monofilament,Gray,100m,0.60mm,25kg,4,528.80
Lines,Simmons,Mono Original - 80lb Gray XL,Nylon monofilament,Gray,100m,0.85mm,36kg,4,529.80
Lines,Simmons,Mono Original - 2.5lb White XL,Nylon monofilament,White,100m,0.09mm,1.2kg,4,527.80
Lines,Simmons,Mono Original - 4lb White XL,Nylon monofilament,White,100m,0.12mm,1.8kg,4,526.80
Lines,Simmons,Mono Original - 5lb White XL,Nylon monofilament,White,100m,0.15mm,2.3kg,4,525.80
Lines,Simmons,Mono Original - 7.5lb White XL,Nylon monofilament,White,100m,0.18mm,3.4kg,4,524.80
Lines,Simmons,Mono Original - 11.5lb White XL,Nylon monofilament,White,100m,0.21mm,5.2kg,4,522.80
Lines,Simmons,Mono Original - 15lb White XL,Nylon monofilament,White,100m,0.25mm,6.8kg,4,522.80
Lines,Simmons,Mono Original - 18lb White XL,Nylon monofilament,White,100m,0.28mm,8kg,4,522.80
Lines,Simmons,Mono Original - 25lb White XL,Nylon monofilament,White,100m,0.33mm,11.5kg,4,522.80
Lines,Simmons,Mono Original - 32lb White XL,Nylon monofilament,White,100m,0.40mm,14.5kg,4,523.80
Lines,Simmons,Mono Original - 40lb White XL,Nylon monofilament,White,100m,0.48mm,18kg,4,525.80
Lines,Simmons,Mono Original - 55lb White XL,Nylon monofilament,White,100m,0.60mm,25kg,4,528.80
Lines,Simmons,Mono Original - 80lb White XL,Nylon monofilament,White,100m,0.85mm,36kg,4,529.80
Lines,Simmons,Mono SS - 3lb Blue,Nylon monofilament,Blue,100m,0.08mm,1.4kg,4,1038.80
Lines,Simmons,Mono SS - 4.5lb Blue,Nylon monofilament,Blue,100m,0.11mm,2kg,4,1036.80
Lines,Simmons,Mono SS - 6.5lb Blue,Nylon monofilament,Blue,100m,0.15mm,3kg,4,1034.80
Lines,Simmons,Mono SS - 9lb Blue,Nylon monofilament,Blue,100m,0.19mm,4.2kg,4,1032.80
Lines,Simmons,Mono SS - 15lb Blue,Nylon monofilament,Blue,100m,0.24mm,7kg,4,1032.80
Lines,Simmons,Mono SS - 23lb Blue,Nylon monofilament,Blue,100m,0.3mm,10.4kg,4,1032.80
Lines,Simmons,Mono SS - 33lb Blue,Nylon monofilament,Blue,100m,0.36mm,15kg,4,1032.80
Lines,Simmons,Mono SS - 50lb Blue,Nylon monofilament,Blue,100m,0.48mm,23kg,4,1032.80
Lines,Simmons,Mono SS - 60lb Blue,Nylon monofilament,Blue,100m,0.55mm,27kg,4,1033.80
Lines,Simmons,Mono SS - 72lb Blue,Nylon monofilament,Blue,100m,0.70mm,33kg,4,1035.80
Lines,Simmons,Mono SS - 100lb Blue,Nylon monofilament,Blue,100m,0.90mm,45kg,4,1037.80
Lines,Simmons,Mono SS - 123lb Blue,Nylon monofilament,Blue,100m,1.2mm,56kg,4,1039.80
Lines,Syberia,Indiana - 3.5lb 350m Green,Nylon monofilament,Light Green,350m,0.14mm,1.7kg,2.5,144.80
Lines,Syberia,Indiana - 5lb 350m Green,Nylon monofilament,Light Green,350m,0.16mm,2.1kg,2.5,138.80
Lines,Syberia,Indiana - 8lb 350m Green,Nylon monofilament,Light Green,350m,0.19mm,3.5kg,2.5,135.80
Lines,Syberia,Indiana - 11lb 350m Green,Nylon monofilament,Light Green,350m,0.22mm,5kg,2.5,134.40
Lines,Syberia,Indiana - 16lb 350m Green,Nylon monofilament,Light Green,350m,0.27mm,7.5kg,2.5,138.80
Lines,Syberia,Indiana - 23lb 350m Green,Nylon monofilament,Light Green,350m,0.32mm,10.5kg,2.5,141.80
Lines,Syberia,Indiana - 28lb 350m Green,Nylon monofilament,Light Green,350m,0.38mm,13kg,2.5,141.80
Lines,Syberia,Indiana - 35lb 350m Green,Nylon monofilament,Light Green,350m,0.45mm,16kg,2.5,144.90
Lines,Syberia,Indiana - 3.5lb 350m Trns,Nylon monofilament,Transparent,350m,0.14mm,1.7kg,2.5,144.80
Lines,Syberia,Indiana - 5lb 350m Trns,Nylon monofilament,Transparent,350m,0.16mm,2.1kg,2.5,138.80
Lines,Syberia,Indiana - 8lb 350m Trns,Nylon monofilament,Transparent,350m,0.19mm,3.5kg,2.5,135.80
Lines,Syberia,Indiana - 11lb 350m Trns,Nylon monofilament,Transparent,350m,0.22mm,5kg,2.5,134.40
Lines,Syberia,Indiana - 16lb 350m Trns,Nylon monofilament,Transparent,350m,0.27mm,7.5kg,2.5,138.80
Lines,Syberia,Indiana - 23lb 350m Trns,Nylon monofilament,Transparent,350m,0.32mm,10.5kg,2.5,141.80
Lines,Syberia,Indiana - 28lb 350m Trns,Nylon monofilament,Transparent,350m,0.38mm,13kg,2.5,141.80
Lines,Syberia,Indiana - 35lb 350m Trns,Nylon monofilament,Transparent,350m,0.45mm,16kg,2.5,144.90
Lines,Snake,Power Line 4.8lb CLR 100m,Nylon monofilament,Transparent,100m,0.14mm,2.2kg,4.5,1055.70
Lines,Snake,Power Line 5.5lb CLR 100m,Nylon monofilament,Transparent,100m,0.16mm,2.6kg,4.5,1055.70
Lines,Snake,Power Line 7.5lb CLR 100m,Nylon monofilament,Transparent,100m,0.18mm,3.5kg,4.5,1057.70
Lines,Snake,Power Line 9lb CLR 100m,Nylon monofilament,Transparent,100m,0.20mm,4.2kg,4.5,1057.70
Lines,Snake,Power Line 14lb CLR 100m,Nylon monofilament,Transparent,100m,0.25mm,6.5kg,4.5,1059.70
Lines,Snake,Power Line 17lb CLR 100m,Nylon monofilament,Transparent,100m,0.28mm,7.8kg,4.5,1059.70
Lines,Snake,Power Line 21lb CLR 100m,Nylon monofilament,Transparent,100m,0.30mm,9.6kg,4.5,1062.70
Lines,Snake,Power Line 28lb CLR 100m,Nylon monofilament,Transparent,100m,0.35mm,12.8kg,4.5,1062.70
Lines,Snake,Power Line 33lb CLR 100m,Nylon monofilament,Transparent,100m,0.40mm,15.1kg,4.5,1065.70
Lines,Snake,Power Line 37lb CLR 100m,Nylon monofilament,Transparent,100m,0.45mm,16.8kg,4.5,1065.70
Lines,Snake,Power Line 45lb CLR 100m,Nylon monofilament,Transparent,100m,0.50mm,20.5kg,4.5,1067.70
Lines,Snake,Power Line 54lb CLR 100m,Nylon monofilament,Transparent,100m,0.60mm,24.6kg,4.5,1069.70
Lines,Snake,Power Line 4.8lb GRN 100m,Nylon monofilament,Green,100m,0.14mm,2.2kg,4.5,1055.70
Lines,Snake,Power Line 5.5lb GRN 100m,Nylon monofilament,Green,100m,0.16mm,2.6kg,4.5,1055.70
Lines,Snake,Power Line 7.5lb GRN 100m,Nylon monofilament,Green,100m,0.18mm,3.5kg,4.5,1057.70
Lines,Snake,Power Line 9lb GRN 100m,Nylon monofilament,Green,100m,0.20mm,4.2kg,4.5,1057.70
Lines,Snake,Power Line 14lb GRN 100m,Nylon monofilament,Green,100m,0.25mm,6.5kg,4.5,1059.70
Lines,Snake,Power Line 17lb GRN 100m,Nylon monofilament,Green,100m,0.28mm,7.8kg,4.5,1059.70
Lines,Snake,Power Line 21lb GRN 100m,Nylon monofilament,Green,100m,0.30mm,9.6kg,4.5,1062.70
Lines,Snake,Power Line 28lb GRN 100m,Nylon monofilament,Green,100m,0.35mm,12.8kg,4.5,1062.70
Lines,Snake,Power Line 33lb GRN 100m,Nylon monofilament,Green,100m,0.40mm,15.1kg,4.5,1065.70
Lines,Snake,Power Line 37lb GRN 100m,Nylon monofilament,Green,100m,0.45mm,16.8kg,4.5,1065.70
Lines,Snake,Power Line 45lb GRN 100m,Nylon monofilament,Green,100m,0.50mm,20.5kg,4.5,1067.70
Lines,Snake,Power Line 54lb GRN 100m,Nylon monofilament,Green,100m,0.60mm,24.6kg,4.5,1069.70
Lines,Simmons,Mono Original - 2.5lb Gray XL,Nylon monofilament,Gray,350m,0.09mm,1.2kg,4,581.80
Lines,Simmons,Mono Original - 4lb Gray XL,Nylon monofilament,Gray,350m,0.12mm,1.8kg,4,578.80
Lines,Simmons,Mono Original - 5lb Gray XL,Nylon monofilament,Gray,350m,0.15mm,2.3kg,4,575.80
Lines,Simmons,Mono Original - 7.5lb Gray XL,Nylon monofilament,Gray,350m,0.18mm,3.4kg,4,572.80
Lines,Simmons,Mono Original - 11.5lb Gray XL,Nylon monofilament,Gray,350m,0.21mm,5.2kg,4,566.80
Lines,Simmons,Mono Original - 15lb Gray XL,Nylon monofilament,Gray,350m,0.25mm,6.8kg,4,566.80
Lines,Simmons,Mono Original - 18lb Gray XL,Nylon monofilament,Gray,350m,0.28mm,8kg,4,566.80
Lines,Simmons,Mono Original - 25lb Gray XL,Nylon monofilament,Gray,350m,0.33mm,11.5kg,4,566.80
Lines,Simmons,Mono Original - 32lb Gray XL,Nylon monofilament,Gray,350m,0.40mm,14.5kg,4,566.80
Lines,Simmons,Mono Original - 40lb Gray XL,Nylon monofilament,Gray,350m,0.48mm,18kg,4,575.80
Lines,Simmons,Mono Original - 55lb Gray XL,Nylon monofilament,Gray,350m,0.60mm,25kg,4,584.80
Lines,Simmons,Mono Original - 80lb Gray XL,Nylon monofilament,Gray,350m,0.85mm,36kg,4,588.80
Lines,Simmons,Mono Original - 2.5lb Gray XL,Nylon monofilament,White,350m,0.09mm,1.2kg,4,581.80
Lines,Simmons,Mono Original - 4lb White XL,Nylon monofilament,White,350m,0.12mm,1.8kg,4,578.80
Lines,Simmons,Mono Original - 5lb White XL,Nylon monofilament,White,350m,0.15mm,2.3kg,4,575.80
Lines,Simmons,Mono Original - 7.5lb White XL,Nylon monofilament,White,350m,0.18mm,3.4kg,4,572.80
Lines,Simmons,Mono Original - 11.5lb White XL,Nylon monofilament,White,350m,0.21mm,5.2kg,4,566.80
Lines,Simmons,Mono Original - 15lb White XL,Nylon monofilament,White,350m,0.25mm,6.8kg,4,566.80
Lines,Simmons,Mono Original - 18lb White XL,Nylon monofilament,White,350m,0.28mm,8kg,4,566.80
Lines,Simmons,Mono Original - 25lb White XL,Nylon monofilament,White,350m,0.33mm,11.5kg,4,566.80
Lines,Simmons,Mono Original - 32lb White XL,Nylon monofilament,White,350m,0.40mm,14.5kg,4,566.80
Lines,Simmons,Mono Original - 40lb White XL,Nylon monofilament,White,350m,0.48mm,18kg,4,575.80
Lines,Simmons,Mono Original - 55lb White XL,Nylon monofilament,White,350m,0.60mm,25kg,4,584.80
Lines,Simmons,Mono Original - 80lb White XL,Nylon monofilament,White,350m,0.85mm,36kg,4,588.80
Lines,Snake,Heavy Line 13.5lb BWN 100m,Nylon monofilament,Brown,100m,0.22mm,6.2kg,5,1074.50
Lines,Snake,Heavy Line 23lb BWN 100m,Nylon monofilament,Brown,100m,0.30mm,10.6kg,5,1074.50
Lines,Snake,Heavy Line 38lb BWN 100m,Nylon monofilament,Brown,100m,0.38mm,17.3kg,5,1074.50
Lines,Snake,Heavy Line 48lb BWN 100m,Nylon monofilament,Brown,100m,0.46mm,22kg,5,1076.50
Lines,Snake,Heavy Line 62lb BWN 100m,Nylon monofilament,Brown,100m,0.54mm,28.2kg,5,1078.50
Lines,Snake,Heavy Line 70lb BWN 100m,Nylon monofilament,Brown,100m,0.62mm,32kg,5,1079.50
Lines,Snake,Heavy Line 80lb BWN 100m,Nylon monofilament,Brown,100m,0.70mm,36.4kg,5,1080.50
Lines,Snake,Heavy Line 96lb BWN 100m,Nylon monofilament,Brown,100m,0.80mm,43.6kg,5,1081.50
Lines,Snake,Heavy Line 108lb BWN 100m,Nylon monofilament,Brown,100m,0.90mm,49kg,5,1083.50
Lines,Snake,Heavy Line 132lb BWN 100m,Nylon monofilament,Brown,100m,1.00mm,60kg,5,1088.50
Lines,Snake,Heavy Line 170lb BWN 100m,Nylon monofilament,Brown,100m,1.20mm,77.5kg,5,1094.50
Lines,Snake,Heavy Line 13.5lb CLR 100m,Nylon monofilament,Transparent,100m,0.22mm,6.2kg,5,1074.50
Lines,Snake,Heavy Line 23lb CLR 100m,Nylon monofilament,Transparent,100m,0.30mm,10.6kg,5,1074.50
Lines,Snake,Heavy Line 38lb CLR 100m,Nylon monofilament,Transparent,100m,0.38mm,17.3kg,5,1074.50
Lines,Snake,Heavy Line 48lb CLR 100m,Nylon monofilament,Transparent,100m,0.46mm,22kg,5,1076.50
Lines,Snake,Heavy Line 62lb CLR 100m,Nylon monofilament,Transparent,100m,0.54mm,28.2kg,5,1078.50
Lines,Snake,Heavy Line 70lb CLR 100m,Nylon monofilament,Transparent,100m,0.62mm,32kg,5,1079.50
Lines,Snake,Heavy Line 80lb CLR 100m,Nylon monofilament,Transparent,100m,0.70mm,36.4kg,5,1080.50
Lines,Snake,Heavy Line 96lb CLR 100m,Nylon monofilament,Transparent,100m,0.80mm,43.6kg,5,1081.50
Lines,Snake,Heavy Line 108lb CLR 100m,Nylon monofilament,Transparent,100m,0.90mm,49kg,5,1083.50
Lines,Snake,Heavy Line 132lb CLR 100m,Nylon monofilament,Transparent,100m,1.00mm,60kg,5,1088.50
Lines,Snake,Heavy Line 170lb CLR 100m,Nylon monofilament,Transparent,100m,1.20mm,77.5kg,5,1094.50
Lines,Snake,Heavy Line 13.5lb DGN 100m,Nylon monofilament,Dark Green,100m,0.22mm,6.2kg,5,1074.50
Lines,Snake,Heavy Line 23lb DGN 100m,Nylon monofilament,Dark Green,100m,0.30mm,10.6kg,5,1074.50
Lines,Snake,Heavy Line 38lb DGN 100m,Nylon monofilament,Dark Green,100m,0.38mm,17.3kg,5,1074.50
Lines,Snake,Heavy Line 48lb DGN 100m,Nylon monofilament,Dark Green,100m,0.46mm,22kg,5,1076.50
Lines,Snake,Heavy Line 62lb DGN 100m,Nylon monofilament,Dark Green,100m,0.54mm,28.2kg,5,1078.50
Lines,Snake,Heavy Line 70lb DGN 100m,Nylon monofilament,Dark Green,100m,0.62mm,32kg,5,1079.50
Lines,Snake,Heavy Line 80lb DGN 100m,Nylon monofilament,Dark Green,100m,0.70mm,36.4kg,5,1080.50
Lines,Snake,Heavy Line 96lb DGN 100m,Nylon monofilament,Dark Green,100m,0.80mm,43.6kg,5,1081.50
Lines,Snake,Heavy Line 108lb DGN 100m,Nylon monofilament,Dark Green,100m,0.90mm,49kg,5,1083.50
Lines,Snake,Heavy Line 132lb DGN 100m,Nylon monofilament,Dark Green,100m,1.00mm,60kg,5,1088.50
Lines,Snake,Heavy Line 170lb DGN 100m,Nylon monofilament,Dark Green,100m,1.20mm,77.5kg,5,1094.50
Lines,Snake,Heavy Line 13.5lb SMK 100m,Nylon monofilament,Smoky Gray,100m,0.22mm,6.2kg,5,1074.50
Lines,Snake,Heavy Line 23lb SMK 100m,Nylon monofilament,Smoky Gray,100m,0.30mm,10.6kg,5,1074.50
Lines,Snake,Heavy Line 38lb SMK 100m,Nylon monofilament,Smoky Gray,100m,0.38mm,17.3kg,5,1074.50
Lines,Snake,Heavy Line 48lb SMK 100m,Nylon monofilament,Smoky Gray,100m,0.46mm,22kg,5,1076.50
Lines,Snake,Heavy Line 62lb SMK 100m,Nylon monofilament,Smoky Gray,100m,0.54mm,28.2kg,5,1078.50
Lines,Snake,Heavy Line 70lb SMK 100m,Nylon monofilament,Smoky Gray,100m,0.62mm,32kg,5,1079.50
Lines,Snake,Heavy Line 80lb SMK 100m,Nylon monofilament,Smoky Gray,100m,0.70mm,36.4kg,5,1080.50
Lines,Snake,Heavy Line 96lb SMK 100m,Nylon monofilament,Smoky Gray,100m,0.80mm,43.6kg,5,1081.50
Lines,Snake,Heavy Line 108lb SMK 100m,Nylon monofilament,Smoky Gray,100m,0.90mm,49kg,5,1083.50
Lines,Snake,Heavy Line 132lb SMK 100m,Nylon monofilament,Smoky Gray,100m,1.00mm,60kg,5,1088.50
Lines,Snake,Heavy Line 170lb SMK 100m,Nylon monofilament,Smoky Gray,100m,1.20mm,77.5kg,5,1094.50
Lines,Snake,Invisible 3.3lb BRZ 100m,Nylon monofilament,Bronze,100m,0.08mm,1.5kg,5,1274.80
Lines,Snake,Invisible 3.3lb BRZ 100m,Nylon monofilament,Bronze,100m,0.10mm,1.9kg,5,1274.80
Lines,Snake,Invisible 3.3lb BRZ 100m,Nylon monofilament,Bronze,100m,0.12mm,2.5kg,5,1274.80
Lines,Snake,Invisible 3.3lb BRZ 100m,Nylon monofilament,Bronze,100m,0.14mm,3.2kg,5,1274.80
Lines,Snake,Invisible 3.3lb BRZ 100m,Nylon monofilament,Bronze,100m,0.16mm,3.7kg,5,1274.80
Lines,Snake,Invisible 3.3lb BRZ 100m,Nylon monofilament,Bronze,100m,0.18mm,4.4kg,5,1274.80
Lines,Snake,Invisible 3.3lb BRZ 100m,Nylon monofilament,Bronze,100m,0.20mm,5.5kg,5,1274.80
Lines,Snake,Invisible 3.3lb CLR 100m,Nylon monofilament,Transparent,100m,0.08mm,1.5kg,5,1274.80
Lines,Snake,Invisible 3.3lb CLR 100m,Nylon monofilament,Transparent,100m,0.10mm,1.9kg,5,1274.80
Lines,Snake,Invisible 3.3lb CLR 100m,Nylon monofilament,Transparent,100m,0.12mm,2.5kg,5,1274.80
Lines,Snake,Invisible 3.3lb CLR 100m,Nylon monofilament,Transparent,100m,0.14mm,3.2kg,5,1274.80
Lines,Snake,Invisible 3.3lb CLR 100m,Nylon monofilament,Transparent,100m,0.16mm,3.7kg,5,1274.80
Lines,Snake,Invisible 3.3lb CLR 100m,Nylon monofilament,Transparent,100m,0.18mm,4.4kg,5,1274.80
Lines,Snake,Invisible 3.3lb CLR 100m,Nylon monofilament,Transparent,100m,0.20mm,5.5kg,5,1274.80
Lines,Snake,Invisible 3.3lb EMD 100m,Nylon monofilament,Emarald,100m,0.08mm,1.5kg,5,1274.80
Lines,Snake,Invisible 3.3lb EMD 100m,Nylon monofilament,Emarald,100m,0.10mm,1.9kg,5,1274.80
Lines,Snake,Invisible 3.3lb EMD 100m,Nylon monofilament,Emarald,100m,0.12mm,2.5kg,5,1274.80
Lines,Snake,Invisible 3.3lb EMD 100m,Nylon monofilament,Emarald,100m,0.14mm,3.2kg,5,1274.80
Lines,Snake,Invisible 3.3lb EMD 100m,Nylon monofilament,Emarald,100m,0.16mm,3.7kg,5,1274.80
Lines,Snake,Invisible 3.3lb EMD 100m,Nylon monofilament,Emarald,100m,0.18mm,4.4kg,5,1274.80
Lines,Snake,Invisible 3.3lb EMD 100m,Nylon monofilament,Emarald,100m,0.20mm,5.5kg,5,1274.80
Lines,Snake,Ultra Line 7.5lb BLU 100m,Nylon monofilament,Blue,100m,0.16mm,3.4kg,5,1289.70
Lines,Snake,Ultra Line 9lb BLU 100m,Nylon monofilament,Blue,100m,0.18mm,4.2kg,5,1289.70
Lines,Snake,Ultra Line 11lb BLU 100m,Nylon monofilament,Blue,100m,0.20mm,5kg,5,1289.70
Lines,Snake,Ultra Line 16.5lb BLU 100m,Nylon monofilament,Blue,100m,0.25mm,7.6kg,5,1294.70
Lines,Snake,Ultra Line 19lb BLU 100m,Nylon monofilament,Blue,100m,0.28mm,8.7kg,5,1294.70
Lines,Snake,Ultra Line 25lb BLU 100m,Nylon monofilament,Blue,100m,0.30mm,11.3kg,5,1295.70
Lines,Snake,Ultra Line 30lb BLU 100m,Nylon monofilament,Blue,100m,0.35mm,14kg,5,1297.70
Lines,Snake,Ultra Line 38lb BLU 100m,Nylon monofilament,Blue,100m,0.40mm,17.3kg,5,1299.70
Lines,Snake,Ultra Line 42lb BLU 100m,Nylon monofilament,Blue,100m,0.45mm,19.1kg,5,12102.70
Lines,Snake,Ultra Line 52lb BLU 100m,Nylon monofilament,Blue,100m,0.50mm,23.7kg,5,12104.70
Lines,Snake,Ultra Line 62lb BLU 100m,Nylon monofilament,Blue,100m,0.60mm,28.2kg,5,12107.70
Lines,Snake,Ultra Line 72lb BLU 100m,Nylon monofilament,Blue,100m,0.70mm,32.8kg,5,12108.70
Lines,Snake,Ultra Line 84lb BLU 100m,Nylon monofilament,Blue,100m,0.80mm,38.1kg,5,12109.70
Lines,Snake,Ultra Line 7.5lb CLR 100m,Nylon monofilament,Transparent,100m,0.16mm,3.4kg,5,1289.70
Lines,Snake,Ultra Line 9lb CLR 100m,Nylon monofilament,Transparent,100m,0.18mm,4.2kg,5,1289.70
Lines,Snake,Ultra Line 11lb CLR 100m,Nylon monofilament,Transparent,100m,0.20mm,5kg,5,1289.70
Lines,Snake,Ultra Line 16.5lb CLR 100m,Nylon monofilament,Transparent,100m,0.25mm,7.6kg,5,1294.70
Lines,Snake,Ultra Line 19lb CLR 100m,Nylon monofilament,Transparent,100m,0.28mm,8.7kg,5,1294.70
Lines,Snake,Ultra Line 25lb CLR 100m,Nylon monofilament,Transparent,100m,0.30mm,11.3kg,5,1295.70
Lines,Snake,Ultra Line 30lb CLR 100m,Nylon monofilament,Transparent,100m,0.35mm,14kg,5,1297.70
Lines,Snake,Ultra Line 38lb CLR 100m,Nylon monofilament,Transparent,100m,0.40mm,17.3kg,5,1299.70
Lines,Snake,Ultra Line 42lb CLR 100m,Nylon monofilament,Transparent,100m,0.45mm,19.1kg,5,12102.70
Lines,Snake,Ultra Line 52lb CLR 100m,Nylon monofilament,Transparent,100m,0.50mm,23.7kg,5,12104.70
Lines,Snake,Ultra Line 62lb CLR 100m,Nylon monofilament,Transparent,100m,0.60mm,28.2kg,5,12107.70
Lines,Snake,Ultra Line 72lb CLR 100m,Nylon monofilament,Transparent,100m,0.70mm,32.8kg,5,12108.70
Lines,Snake,Ultra Line 84lb CLR 100m,Nylon monofilament,Transparent,100m,0.80mm,38.1kg,5,12109.70
Lines,Snake,Ultra Line 7.5lb DNG 100m,Nylon monofilament,Dark Green,100m,0.16mm,3.4kg,5,1289.70
Lines,Snake,Ultra Line 9lb DNG 100m,Nylon monofilament,Dark Green,100m,0.18mm,4.2kg,5,1289.70
Lines,Snake,Ultra Line 11lb DNG 100m,Nylon monofilament,Dark Green,100m,0.20mm,5kg,5,1289.70
Lines,Snake,Ultra Line 16.5lb DNG 100m,Nylon monofilament,Dark Green,100m,0.25mm,7.6kg,5,1294.70
Lines,Snake,Ultra Line 19lb DNG 100m,Nylon monofilament,Dark Green,100m,0.28mm,8.7kg,5,1294.70
Lines,Snake,Ultra Line 25lb DNG 100m,Nylon monofilament,Dark Green,100m,0.30mm,11.3kg,5,1295.70
Lines,Snake,Ultra Line 30lb DNG 100m,Nylon monofilament,Dark Green,100m,0.35mm,14kg,5,1297.70
Lines,Snake,Ultra Line 38lb DNG 100m,Nylon monofilament,Dark Green,100m,0.40mm,17.3kg,5,1299.70
Lines,Snake,Ultra Line 42lb DNG 100m,Nylon monofilament,Dark Green,100m,0.45mm,19.1kg,5,12102.70
Lines,Snake,Ultra Line 52lb DNG 100m,Nylon monofilament,Dark Green,100m,0.50mm,23.7kg,5,12104.70
Lines,Snake,Ultra Line 62lb DNG 100m,Nylon monofilament,Dark Green,100m,0.60mm,28.2kg,5,12107.70
Lines,Snake,Ultra Line 72lb DNG 100m,Nylon monofilament,Dark Green,100m,0.70mm,32.8kg,5,12108.70
Lines,Snake,Ultra Line 84lb DNG 100m,Nylon monofilament,Dark Green,100m,0.80mm,38.1kg,5,12109.70
Lines,Snake,Power Line 4.8lb CLR 300m,Nylon monofilament,Transparent,300m,0.14mm,2.2kg,4.5,10112.60
Lines,Snake,Power Line 5.5lb CLR 300m,Nylon monofilament,Transparent,300m,0.16mm,2.6kg,4.5,10112.60
Lines,Snake,Power Line 7.5lb CLR 300m,Nylon monofilament,Transparent,300m,0.18mm,3.5kg,4.5,10118.60
Lines,Snake,Power Line 9lb CLR 300m,Nylon monofilament,Transparent,300m,0.20mm,4.2kg,4.5,10118.60
Lines,Snake,Power Line 14lb CLR 300m,Nylon monofilament,Transparent,300m,0.25mm,6.5kg,4.5,10122.60
Lines,Snake,Power Line 17lb CLR 300m,Nylon monofilament,Transparent,300m,0.28mm,7.8kg,4.5,10122.60
Lines,Snake,Power Line 21lb CLR 300m,Nylon monofilament,Transparent,300m,0.30mm,9.6kg,4.5,10126.60
Lines,Snake,Power Line 28lb CLR 300m,Nylon monofilament,Transparent,300m,0.35mm,12.8kg,4.5,10126.60
Lines,Snake,Power Line 33lb CLR 300m,Nylon monofilament,Transparent,300m,0.40mm,15.1kg,4.5,10132.60
Lines,Snake,Power Line 37lb CLR 300m,Nylon monofilament,Transparent,300m,0.45mm,16.8kg,4.5,10132.60
Lines,Snake,Power Line 45lb CLR 300m,Nylon monofilament,Transparent,300m,0.50mm,20.5kg,4.5,10136.60
Lines,Snake,Power Line 54lb CLR 300m,Nylon monofilament,Transparent,300m,0.60mm,24.6kg,4.5,10139.60
Lines,Snake,Power Line 4.8lb GRN 300m,Nylon monofilament,Green,300m,0.14mm,2.2kg,4.5,10112.60
Lines,Snake,Power Line 5.5lb GRN 300m,Nylon monofilament,Green,300m,0.16mm,2.6kg,4.5,10112.60
Lines,Snake,Power Line 7.5lb GRN 300m,Nylon monofilament,Green,300m,0.18mm,3.5kg,4.5,10118.60
Lines,Snake,Power Line 9lb GRN 300m,Nylon monofilament,Green,300m,0.20mm,4.2kg,4.5,10118.60
Lines,Snake,Power Line 14lb GRN 300m,Nylon monofilament,Green,300m,0.25mm,6.5kg,4.5,10122.60
Lines,Snake,Power Line 17lb GRN 300m,Nylon monofilament,Green,300m,0.28mm,7.8kg,4.5,10122.60
Lines,Snake,Power Line 21lb GRN 300m,Nylon monofilament,Green,300m,0.30mm,9.6kg,4.5,10126.60
Lines,Snake,Power Line 28lb GRN 300m,Nylon monofilament,Green,300m,0.35mm,12.8kg,4.5,10126.60
Lines,Snake,Power Line 33lb GRN 300m,Nylon monofilament,Green,300m,0.40mm,15.1kg,4.5,10132.60
Lines,Snake,Power Line 37lb GRN 300m,Nylon monofilament,Green,300m,0.45mm,16.8kg,4.5,10132.60
Lines,Snake,Power Line 45lb GRN 300m,Nylon monofilament,Green,300m,0.50mm,20.5kg,4.5,10136.60
Lines,Snake,Power Line 54lb GRN 300m,Nylon monofilament,Green,300m,0.60mm,24.6kg,4.5,10139.60
Lines,Simmons,Mono SS - 3lb Blue SS XL,Nylon monofilament,Blue,100m,0.08mm,1.4kg,4,10151.80
Lines,Simmons,Mono SS - 4.5lb Blue XL,Nylon monofilament,Blue,100m,0.11mm,2kg,4,10144.80
Lines,Simmons,Mono SS - 6.5lb Blue XL,Nylon monofilament,Blue,100m,0.15mm,3kg,4,10136.80
Lines,Simmons,Mono SS - 9lb Blue XL,Nylon monofilament,Blue,100m,0.19mm,4.2kg,4,10128.80
Lines,Simmons,Mono SS - 15lb Blue XL,Nylon monofilament,Blue,100m,0.24mm,7kg,4,10128.80
Lines,Simmons,Mono SS - 23lb Blue XL,Nylon monofilament,Blue,100m,0.3mm,10.4kg,4,10128.80
Lines,Simmons,Mono SS - 33lb Blue XL,Nylon monofilament,Blue,100m,0.36mm,15kg,4,10128.80
Lines,Simmons,Mono SS - 50lb Blue XL,Nylon monofilament,Blue,100m,0.48mm,23kg,4,10128.80
Lines,Simmons,Mono SS - 60lb Blue XL,Nylon monofilament,Blue,100m,0.55mm,27kg,4,10132.80
Lines,Simmons,Mono SS - 72lb Blue XL,Nylon monofilament,Blue,100m,0.70mm,33kg,4,10140.80
Lines,Simmons,Mono SS - 100lb Blue XL,Nylon monofilament,Blue,100m,0.90mm,45kg,4,10148.80
Lines,Simmons,Mono SS - 123lb Blue XL,Nylon monofilament,Blue,100m,1.2mm,56kg,4,10156.80
Lines,Snake,Heavy Line 13.5lb BWN 300m,Nylon monofilament,Brown,300m,0.22mm,6.2kg,5,10149.50
Lines,Snake,Heavy Line 23lb BWN 300m,Nylon monofilament,Brown,300m,0.30mm,10.6kg,5,10149.50
Lines,Snake,Heavy Line 38lb BWN 300m,Nylon monofilament,Brown,300m,0.38mm,17.3kg,5,10149.50
Lines,Snake,Heavy Line 48lb BWN 300m,Nylon monofilament,Brown,300m,0.46mm,22kg,5,10152.50
Lines,Snake,Heavy Line 62lb BWN 300m,Nylon monofilament,Brown,300m,0.54mm,28.2kg,5,10156.50
Lines,Snake,Heavy Line 70lb BWN 300m,Nylon monofilament,Brown,300m,0.62mm,32kg,5,10158.00
Lines,Snake,Heavy Line 80lb BWN 300m,Nylon monofilament,Brown,300m,0.70mm,36.4kg,5,10160.50
Lines,Snake,Heavy Line 96lb BWN 300m,Nylon monofilament,Brown,300m,0.80mm,43.6kg,5,10164.50
Lines,Snake,Heavy Line 108lb BWN 300m,Nylon monofilament,Brown,300m,0.90mm,49kg,5,10168.50
Lines,Snake,Heavy Line 132lb BWN 300m,Nylon monofilament,Brown,300m,1.00mm,60kg,5,10178.50
Lines,Snake,Heavy Line 170lb BWN 300m,Nylon monofilament,Brown,300m,1.20mm,77.5kg,5,10190.50
Lines,Snake,Heavy Line 13.5lb CLR 300m,Nylon monofilament,Transparent,300m,0.22mm,6.2kg,5,10149.50
Lines,Snake,Heavy Line 23lb CLR 300m,Nylon monofilament,Transparent,300m,0.30mm,10.6kg,5,10149.50
Lines,Snake,Heavy Line 38lb CLR 300m,Nylon monofilament,Transparent,300m,0.38mm,17.3kg,5,10149.50
Lines,Snake,Heavy Line 48lb CLR 300m,Nylon monofilament,Transparent,300m,0.46mm,22kg,5,10152.50
Lines,Snake,Heavy Line 62lb CLR 300m,Nylon monofilament,Transparent,300m,0.54mm,28.2kg,5,10156.50
Lines,Snake,Heavy Line 70lb CLR 300m,Nylon monofilament,Transparent,300m,0.62mm,32kg,5,10158.00
Lines,Snake,Heavy Line 80lb CLR 300m,Nylon monofilament,Transparent,300m,0.70mm,36.4kg,5,10160.50
Lines,Snake,Heavy Line 96lb CLR 300m,Nylon monofilament,Transparent,300m,0.80mm,43.6kg,5,10164.50
Lines,Snake,Heavy Line 108lb CLR 300m,Nylon monofilament,Transparent,300m,0.90mm,49kg,5,10168.50
Lines,Snake,Heavy Line 132lb CLR 300m,Nylon monofilament,Transparent,300m,1.00mm,60kg,5,10178.50
Lines,Snake,Heavy Line 170lb CLR 300m,Nylon monofilament,Transparent,300m,1.20mm,77.5kg,5,10190.50
Lines,Snake,Heavy Line 13.5lb DGN 300m,Nylon monofilament,Dark Green,300m,0.22mm,6.2kg,5,10149.50
Lines,Snake,Heavy Line 23lb DGN 300m,Nylon monofilament,Dark Green,300m,0.30mm,10.6kg,5,10149.50
Lines,Snake,Heavy Line 38lb DGN 300m,Nylon monofilament,Dark Green,300m,0.38mm,17.3kg,5,10149.50
Lines,Snake,Heavy Line 48lb DGN 300m,Nylon monofilament,Dark Green,300m,0.46mm,22kg,5,10152.50
Lines,Snake,Heavy Line 62lb DGN 300m,Nylon monofilament,Dark Green,300m,0.54mm,28.2kg,5,10156.50
Lines,Snake,Heavy Line 70lb DGN 300m,Nylon monofilament,Dark Green,300m,0.62mm,32kg,5,10158.00
Lines,Snake,Heavy Line 80lb DGN 300m,Nylon monofilament,Dark Green,300m,0.70mm,36.4kg,5,10160.50
Lines,Snake,Heavy Line 96lb DGN 300m,Nylon monofilament,Dark Green,300m,0.80mm,43.6kg,5,10164.50
Lines,Snake,Heavy Line 108lb DGN 300m,Nylon monofilament,Dark Green,300m,0.90mm,49kg,5,10168.50
Lines,Snake,Heavy Line 132lb DGN 300m,Nylon monofilament,Dark Green,300m,1.00mm,60kg,5,10178.50
Lines,Snake,Heavy Line 170lb DGN 300m,Nylon monofilament,Dark Green,300m,1.20mm,77.5kg,5,10190.50
Lines,Snake,Heavy Line 13.5lb SMK 300m,Nylon monofilament,Smoky Gray,300m,0.22mm,6.2kg,5,10149.50
Lines,Snake,Heavy Line 23lb SMK 300m,Nylon monofilament,Smoky Gray,300m,0.30mm,10.6kg,5,10149.50
Lines,Snake,Heavy Line 38lb SMK 300m,Nylon monofilament,Smoky Gray,300m,0.38mm,17.3kg,5,10149.50
Lines,Snake,Heavy Line 48lb SMK 300m,Nylon monofilament,Smoky Gray,300m,0.46mm,22kg,5,10152.50
Lines,Snake,Heavy Line 62lb SMK 300m,Nylon monofilament,Smoky Gray,300m,0.54mm,28.2kg,5,10156.50
Lines,Snake,Heavy Line 70lb SMK 300m,Nylon monofilament,Smoky Gray,300m,0.62mm,32kg,5,10158.00
Lines,Snake,Heavy Line 80lb SMK 300m,Nylon monofilament,Smoky Gray,300m,0.70mm,36.4kg,5,10160.50
Lines,Snake,Heavy Line 96lb SMK 300m,Nylon monofilament,Smoky Gray,300m,0.80mm,43.6kg,5,10164.50
Lines,Snake,Heavy Line 108lb SMK 300m,Nylon monofilament,Smoky Gray,300m,0.90mm,49kg,5,10168.50
Lines,Snake,Heavy Line 132lb SMK 300m,Nylon monofilament,Smoky Gray,300m,1.00mm,60kg,5,10178.50
Lines,Snake,Heavy Line 170lb SMK 300m,Nylon monofilament,Smoky Gray,300m,1.20mm,77.5kg,5,10190.50
Lines,Snake,Ultra Line 7.5lb BLU 300m,Nylon monofilament,Blue,300m,0.16mm,3.4kg,5,12179.70
Lines,Snake,Ultra Line 9lb BLU 300m,Nylon monofilament,Blue,300m,0.18mm,4.2kg,5,12179.70
Lines,Snake,Ultra Line 11lb BLU 300m,Nylon monofilament,Blue,300m,0.20mm,5kg,5,12179.70
Lines,Snake,Ultra Line 16.5lb BLU 300m,Nylon monofilament,Blue,300m,0.25mm,7.6kg,5,12189.70
Lines,Snake,Ultra Line 19lb BLU 300m,Nylon monofilament,Blue,300m,0.28mm,8.7kg,5,12189.70
Lines,Snake,Ultra Line 25lb BLU 300m,Nylon monofilament,Blue,300m,0.30mm,11.3kg,5,12192.70
Lines,Snake,Ultra Line 30lb BLU 300m,Nylon monofilament,Blue,300m,0.35mm,14kg,5,12196.70
Lines,Snake,Ultra Line 38lb BLU 300m,Nylon monofilament,Blue,300m,0.40mm,17.3kg,5,12199.70
Lines,Snake,Ultra Line 42lb BLU 300m,Nylon monofilament,Blue,300m,0.45mm,19.1kg,5,12206.70
Lines,Snake,Ultra Line 52lb BLU 300m,Nylon monofilament,Blue,300m,0.50mm,23.7kg,5,12210.70
Lines,Snake,Ultra Line 62lb BLU 300m,Nylon monofilament,Blue,300m,0.60mm,28.2kg,5,12216.70
Lines,Snake,Ultra Line 72lb BLU 300m,Nylon monofilament,Blue,300m,0.70mm,32.8kg,5,12218.70
Lines,Snake,Ultra Line 84lb BLU 300m,Nylon monofilament,Blue,300m,0.80mm,38.1kg,5,12220.70
Lines,Snake,Ultra Line 7.5lb CLR 300m,Nylon monofilament,Transparent,300m,0.16mm,3.4kg,5,12179.70
Lines,Snake,Ultra Line 9lb CLR 300m,Nylon monofilament,Transparent,300m,0.18mm,4.2kg,5,12179.70
Lines,Snake,Ultra Line 11lb CLR 300m,Nylon monofilament,Transparent,300m,0.20mm,5kg,5,12179.70
Lines,Snake,Ultra Line 16.5lb CLR 300m,Nylon monofilament,Transparent,300m,0.25mm,7.6kg,5,12189.70
Lines,Snake,Ultra Line 19lb CLR 300m,Nylon monofilament,Transparent,300m,0.28mm,8.7kg,5,12189.70
Lines,Snake,Ultra Line 25lb CLR 300m,Nylon monofilament,Transparent,300m,0.30mm,11.3kg,5,12192.70
Lines,Snake,Ultra Line 30lb CLR 300m,Nylon monofilament,Transparent,300m,0.35mm,14kg,5,12196.70
Lines,Snake,Ultra Line 38lb CLR 300m,Nylon monofilament,Transparent,300m,0.40mm,17.3kg,5,12199.70
Lines,Snake,Ultra Line 42lb CLR 300m,Nylon monofilament,Transparent,300m,0.45mm,19.1kg,5,12206.70
Lines,Snake,Ultra Line 52lb CLR 300m,Nylon monofilament,Transparent,300m,0.50mm,23.7kg,5,12210.70
Lines,Snake,Ultra Line 62lb CLR 300m,Nylon monofilament,Transparent,300m,0.60mm,28.2kg,5,12216.70
Lines,Snake,Ultra Line 72lb CLR 300m,Nylon monofilament,Transparent,300m,0.70mm,32.8kg,5,12218.70
Lines,Snake,Ultra Line 84lb CLR 300m,Nylon monofilament,Transparent,300m,0.80mm,38.1kg,5,12220.70
Lines,Snake,Ultra Line 7.5lb DNG 300m,Nylon monofilament,Dark Green,300m,0.16mm,3.4kg,5,12179.70
Lines,Snake,Ultra Line 9lb DNG 300m,Nylon monofilament,Dark Green,300m,0.18mm,4.2kg,5,12179.70
Lines,Snake,Ultra Line 11lb DNG 300m,Nylon monofilament,Dark Green,300m,0.20mm,5kg,5,12179.70
Lines,Snake,Ultra Line 16.5lb DNG 300m,Nylon monofilament,Dark Green,300m,0.25mm,7.6kg,5,12189.70
Lines,Snake,Ultra Line 19lb DNG 300m,Nylon monofilament,Dark Green,300m,0.28mm,8.7kg,5,12189.70
Lines,Snake,Ultra Line 25lb DNG 300m,Nylon monofilament,Dark Green,300m,0.30mm,11.3kg,5,12192.70
Lines,Snake,Ultra Line 30lb DNG 300m,Nylon monofilament,Dark Green,300m,0.35mm,14kg,5,12196.70
Lines,Snake,Ultra Line 38lb DNG 300m,Nylon monofilament,Dark Green,300m,0.40mm,17.3kg,5,12199.70
Lines,Snake,Ultra Line 42lb DNG 300m,Nylon monofilament,Dark Green,300m,0.45mm,19.1kg,5,12206.70
Lines,Snake,Ultra Line 52lb DNG 300m,Nylon monofilament,Dark Green,300m,0.50mm,23.7kg,5,12210.70
Lines,Snake,Ultra Line 62lb DNG 300m,Nylon monofilament,Dark Green,300m,0.60mm,28.2kg,5,12216.70
Lines,Snake,Ultra Line 72lb DNG 300m,Nylon monofilament,Dark Green,300m,0.70mm,32.8kg,5,12218.70
Lines,Snake,Ultra Line 84lb DNG 300m,Nylon monofilament,Dark Green,300m,0.80mm,38.1kg,5,12220.70
Lines,Solid Materials,HiPower Nylon 30lb LIM NM 300m,Nylon monofilament,Yellow,300m,0.38mm,13.6kg,5,12189.70
Lines,Solid Materials,HiPower Nylon 40lb LIM NM 300m,Nylon monofilament,Yellow,300m,0.50mm,18kg,5,12189.70
Lines,Solid Materials,HiPower Nylon 50lb LIM NM 300m,Nylon monofilament,Yellow,300m,0.60mm,22.5kg,5,12189.70
Lines,Solid Materials,HiPower Nylon 60lb LIM NM 300m,Nylon monofilament,Yellow,300m,0.70mm,27kg,5,12198.70
Lines,Solid Materials,HiPower Nylon 80lb LIM NM 300m,Nylon monofilament,Yellow,300m,0.80mm,36kg,5,12198.70
Lines,Solid Materials,HiPower Nylon 100lb LIM NM 300m,Nylon monofilament,Yellow,300m,1.00mm,45kg,5,12219.70
Lines,Solid Materials,HiPower Nylon 130lb LIM NM 300m,Nylon monofilament,Yellow,300m,1.10mm,60kg,5,12219.70
Lines,Solid Materials,HiPower Nylon 170lb LIM NM 300m,Nylon monofilament,Yellow,300m,1.25mm,77kg,5,12239.70
Lines,Solid Materials,HiPower Nylon 30lb ORNG NM 300m,Nylon monofilament,Orange,300m,0.38mm,13.6kg,5,12189.70
Lines,Solid Materials,HiPower Nylon 40lb ORNG NM 300m,Nylon monofilament,Orange,300m,0.50mm,18kg,5,12189.70
Lines,Solid Materials,HiPower Nylon 50lb ORNG NM 300m,Nylon monofilament,Orange,300m,0.60mm,22.5kg,5,12189.70
Lines,Solid Materials,HiPower Nylon 60lb ORNG NM 300m,Nylon monofilament,Orange,300m,0.70mm,27kg,5,12198.70
Lines,Solid Materials,HiPower Nylon 80lb ORNG NM 300m,Nylon monofilament,Orange,300m,0.80mm,36kg,5,12198.70
Lines,Solid Materials,HiPower Nylon 100lb ORNG NM 300m,Nylon monofilament,Orange,300m,1.00mm,45kg,5,12219.70
Lines,Solid Materials,HiPower Nylon 130lb ORNG NM 300m,Nylon monofilament,Orange,300m,1.10mm,60kg,5,12219.70
Lines,Solid Materials,HiPower Nylon 170lb ORNG NM 300m,Nylon monofilament,Orange,300m,1.25mm,77kg,5,12239.70
Lines,Solid Materials,HiPower Nylon 30lb TRS NM 300m,Nylon monofilament,Transparent,300m,0.38mm,13.6kg,5,12189.70
Lines,Solid Materials,HiPower Nylon 40lb TRS NM 300m,Nylon monofilament,Transparent,300m,0.50mm,18kg,5,12189.70
Lines,Solid Materials,HiPower Nylon 50lb TRS NM 300m,Nylon monofilament,Transparent,300m,0.60mm,22.5kg,5,12189.70
Lines,Solid Materials,HiPower Nylon 60lb TRS NM 300m,Nylon monofilament,Transparent,300m,0.70mm,27kg,5,12198.70
Lines,Solid Materials,HiPower Nylon 80lb TRS NM 300m,Nylon monofilament,Transparent,300m,0.80mm,36kg,5,12198.70
Lines,Solid Materials,HiPower Nylon 100lb TRS NM 300m,Nylon monofilament,Transparent,300m,1.00mm,45kg,5,12219.70
Lines,Solid Materials,HiPower Nylon 130lb TRS NM 300m,Nylon monofilament,Transparent,300m,1.10mm,60kg,5,12219.70
Lines,Solid Materials,HiPower Nylon 170lb TRS NM 300m,Nylon monofilament,Transparent,300m,1.25mm,77kg,5,12239.70
Lines,Solid Materials,HiPower Nylon 30lb LIM NM 600m,Nylon monofilament,Yellow,600m,0.38mm,13.6kg,5,12369.70
Lines,Solid Materials,HiPower Nylon 40lb LIM NM 600m,Nylon monofilament,Yellow,600m,0.50mm,18kg,5,12369.70
Lines,Solid Materials,HiPower Nylon 50lb LIM NM 600m,Nylon monofilament,Yellow,600m,0.60mm,22.5kg,5,12369.70
Lines,Solid Materials,HiPower Nylon 60lb LIM NM 600m,Nylon monofilament,Yellow,600m,0.70mm,27kg,5,12378.70
Lines,Solid Materials,HiPower Nylon 80lb LIM NM 600m,Nylon monofilament,Yellow,600m,0.80mm,36kg,5,12378.70
Lines,Solid Materials,HiPower Nylon 100lb LIM NM 600m,Nylon monofilament,Yellow,600m,1.00mm,45kg,5,12419.70
Lines,Solid Materials,HiPower Nylon 130lb LIM NM 600m,Nylon monofilament,Yellow,600m,1.10mm,60kg,5,12419.70
Lines,Solid Materials,HiPower Nylon 170lb LIM NM 600m,Nylon monofilament,Yellow,600m,1.25mm,77kg,5,12459.70
Lines,Solid Materials,HiPower Nylon 30lb ORNG NM 600m,Nylon monofilament,Orange,600m,0.38mm,13.6kg,5,12369.70
Lines,Solid Materials,HiPower Nylon 40lb ORNG NM 600m,Nylon monofilament,Orange,600m,0.50mm,18kg,5,12369.70
Lines,Solid Materials,HiPower Nylon 50lb ORNG NM 600m,Nylon monofilament,Orange,600m,0.60mm,22.5kg,5,12369.70
Lines,Solid Materials,HiPower Nylon 60lb ORNG NM 600m,Nylon monofilament,Orange,600m,0.70mm,27kg,5,12378.70
Lines,Solid Materials,HiPower Nylon 80lb ORNG NM 600m,Nylon monofilament,Orange,600m,0.80mm,36kg,5,12378.70
Lines,Solid Materials,HiPower Nylon 100lb ORNG NM 600m,Nylon monofilament,Orange,600m,1.00mm,45kg,5,12419.70
Lines,Solid Materials,HiPower Nylon 130lb ORNG NM 600m,Nylon monofilament,Orange,600m,1.10mm,60kg,5,12419.70
Lines,Solid Materials,HiPower Nylon 170lb ORNG NM 600m,Nylon monofilament,Orange,600m,1.25mm,77kg,5,12459.70
Lines,Solid Materials,HiPower Nylon 30lb TRS NM 600m,Nylon monofilament,Transparent,600m,0.38mm,13.6kg,5,12369.70
Lines,Solid Materials,HiPower Nylon 40lb TRS NM 600m,Nylon monofilament,Transparent,600m,0.50mm,18kg,5,12369.70
Lines,Solid Materials,HiPower Nylon 50lb TRS NM 600m,Nylon monofilament,Transparent,600m,0.60mm,22.5kg,5,12369.70
Lines,Solid Materials,HiPower Nylon 60lb TRS NM 600m,Nylon monofilament,Transparent,600m,0.70mm,27kg,5,12378.70
Lines,Solid Materials,HiPower Nylon 80lb TRS NM 600m,Nylon monofilament,Transparent,600m,0.80mm,36kg,5,12378.70
Lines,Solid Materials,HiPower Nylon 100lb TRS NM 600m,Nylon monofilament,Transparent,600m,1.00mm,45kg,5,12419.70
Lines,Solid Materials,HiPower Nylon 130lb TRS NM 600m,Nylon monofilament,Transparent,600m,1.10mm,60kg,5,12419.70
Lines,Solid Materials,HiPower Nylon 170lb TRS NM 600m,Nylon monofilament,Transparent,600m,1.25mm,77kg,5,12459.70
Lines,Snake,Heavy Line 13.5lb BWN 1000m,Nylon monofilament,Brown,1000m,0.22mm,6.2kg,5,10449.50
Lines,Snake,Heavy Line 23lb BWN 1000m,Nylon monofilament,Brown,1000m,0.30mm,10.6kg,5,10449.50
Lines,Snake,Heavy Line 38lb BWN 1000m,Nylon monofilament,Brown,1000m,0.38mm,17.3kg,5,10449.50
Lines,Snake,Heavy Line 48lb BWN 1000m,Nylon monofilament,Brown,1000m,0.46mm,22kg,5,10458.50
Lines,Snake,Heavy Line 62lb BWN 1000m,Nylon monofilament,Brown,1000m,0.54mm,28.2kg,5,10474.50
Lines,Snake,Heavy Line 70lb BWN 1000m,Nylon monofilament,Brown,1000m,0.62mm,32kg,5,10480.50
Lines,Snake,Heavy Line 80lb BWN 1000m,Nylon monofilament,Brown,1000m,0.70mm,36.4kg,5,10486.50
Lines,Snake,Heavy Line 96lb BWN 1000m,Nylon monofilament,Brown,1000m,0.80mm,43.6kg,5,10492.50
Lines,Snake,Heavy Line 108lb BWN 1000m,Nylon monofilament,Brown,1000m,0.90mm,49kg,5,10504.50
Lines,Snake,Heavy Line 132lb BWN 1000m,Nylon monofilament,Brown,1000m,1.00mm,60kg,5,10534.50
Lines,Snake,Heavy Line 170lb BWN 1000m,Nylon monofilament,Brown,1000m,1.20mm,77.5kg,5,10570.50
Lines,Snake,Heavy Line 13.5lb CLR 1000m,Nylon monofilament,Transparent,1000m,0.22mm,6.2kg,5,10449.50
Lines,Snake,Heavy Line 23lb CLR 1000m,Nylon monofilament,Transparent,1000m,0.30mm,10.6kg,5,10449.50
Lines,Snake,Heavy Line 38lb CLR 1000m,Nylon monofilament,Transparent,1000m,0.38mm,17.3kg,5,10449.50
Lines,Snake,Heavy Line 48lb CLR 1000m,Nylon monofilament,Transparent,1000m,0.46mm,22kg,5,10458.50
Lines,Snake,Heavy Line 62lb CLR 1000m,Nylon monofilament,Transparent,1000m,0.54mm,28.2kg,5,10474.50
Lines,Snake,Heavy Line 70lb CLR 1000m,Nylon monofilament,Transparent,1000m,0.62mm,32kg,5,10480.50
Lines,Snake,Heavy Line 80lb CLR 1000m,Nylon monofilament,Transparent,1000m,0.70mm,36.4kg,5,10486.50
Lines,Snake,Heavy Line 96lb CLR 1000m,Nylon monofilament,Transparent,1000m,0.80mm,43.6kg,5,10492.50
Lines,Snake,Heavy Line 108lb CLR 1000m,Nylon monofilament,Transparent,1000m,0.90mm,49kg,5,10504.50
Lines,Snake,Heavy Line 132lb CLR 1000m,Nylon monofilament,Transparent,1000m,1.00mm,60kg,5,10534.50
Lines,Snake,Heavy Line 170lb CLR 1000m,Nylon monofilament,Transparent,1000m,1.20mm,77.5kg,5,10570.50
Lines,Snake,Heavy Line 13.5lb DGN 1000m,Nylon monofilament,Dark Green,1000m,0.22mm,6.2kg,5,10449.50
Lines,Snake,Heavy Line 23lb DGN 1000m,Nylon monofilament,Dark Green,1000m,0.30mm,10.6kg,5,10449.50
Lines,Snake,Heavy Line 38lb DGN 1000m,Nylon monofilament,Dark Green,1000m,0.38mm,17.3kg,5,10449.50
Lines,Snake,Heavy Line 48lb DGN 1000m,Nylon monofilament,Dark Green,1000m,0.46mm,22kg,5,10458.50
Lines,Snake,Heavy Line 62lb DGN 1000m,Nylon monofilament,Dark Green,1000m,0.54mm,28.2kg,5,10474.50
Lines,Snake,Heavy Line 70lb DGN 1000m,Nylon monofilament,Dark Green,1000m,0.62mm,32kg,5,10480.50
Lines,Snake,Heavy Line 80lb DGN 1000m,Nylon monofilament,Dark Green,1000m,0.70mm,36.4kg,5,10486.50
Lines,Snake,Heavy Line 96lb DGN 1000m,Nylon monofilament,Dark Green,1000m,0.80mm,43.6kg,5,10492.50
Lines,Snake,Heavy Line 108lb DGN 1000m,Nylon monofilament,Dark Green,1000m,0.90mm,49kg,5,10504.50
Lines,Snake,Heavy Line 132lb DGN 1000m,Nylon monofilament,Dark Green,1000m,1.00mm,60kg,5,10534.50
Lines,Snake,Heavy Line 170lb DGN 1000m,Nylon monofilament,Dark Green,1000m,1.20mm,77.5kg,5,10570.50
Lines,Snake,Heavy Line 13.5lb SMK 1000m,Nylon monofilament,Smoky Gray,1000m,0.22mm,6.2kg,5,10449.50
Lines,Snake,Heavy Line 23lb SMK 1000m,Nylon monofilament,Smoky Gray,1000m,0.30mm,10.6kg,5,10449.50
Lines,Snake,Heavy Line 38lb SMK 1000m,Nylon monofilament,Smoky Gray,1000m,0.38mm,17.3kg,5,10449.50
Lines,Snake,Heavy Line 48lb SMK 1000m,Nylon monofilament,Smoky Gray,1000m,0.46mm,22kg,5,10458.50
Lines,Snake,Heavy Line 62lb SMK 1000m,Nylon monofilament,Smoky Gray,1000m,0.54mm,28.2kg,5,10474.50
Lines,Snake,Heavy Line 70lb SMK 1000m,Nylon monofilament,Smoky Gray,1000m,0.62mm,32kg,5,10480.50
Lines,Snake,Heavy Line 80lb SMK 1000m,Nylon monofilament,Smoky Gray,1000m,0.70mm,36.4kg,5,10486.50
Lines,Snake,Heavy Line 96lb SMK 1000m,Nylon monofilament,Smoky Gray,1000m,0.80mm,43.6kg,5,10492.50
Lines,Snake,Heavy Line 108lb SMK 1000m,Nylon monofilament,Smoky Gray,1000m,0.90mm,49kg,5,10504.50
Lines,Snake,Heavy Line 132lb SMK 1000m,Nylon monofilament,Smoky Gray,1000m,1.00mm,60kg,5,10534.50
Lines,Snake,Heavy Line 170lb SMK 1000m,Nylon monofilament,Smoky Gray,1000m,1.20mm,77.5kg,5,10570.50
Lines,Solid Materials,HiPower Nylon 30lb LIM NM 1200m,Nylon monofilament,Yellow,1200m,0.38mm,13.6kg,5,12728.70
Lines,Solid Materials,HiPower Nylon 40lb LIM NM 1200m,Nylon monofilament,Yellow,1200m,0.50mm,18kg,5,12728.70
Lines,Solid Materials,HiPower Nylon 50lb LIM NM 1200m,Nylon monofilament,Yellow,1200m,0.60mm,22.5kg,5,12728.70
Lines,Solid Materials,HiPower Nylon 60lb LIM NM 1200m,Nylon monofilament,Yellow,1200m,0.70mm,27kg,5,12748.70
Lines,Solid Materials,HiPower Nylon 80lb LIM NM 1200m,Nylon monofilament,Yellow,1200m,0.80mm,36kg,5,12748.70
Lines,Solid Materials,HiPower Nylon 100lb LIM NM 1200m,Nylon monofilament,Yellow,1200m,1.00mm,45kg,5,12819.70
Lines,Solid Materials,HiPower Nylon 130lb LIM NM 1200m,Nylon monofilament,Yellow,1200m,1.10mm,60kg,5,12819.70
Lines,Solid Materials,HiPower Nylon 170lb LIM NM 1200m,Nylon monofilament,Yellow,1200m,1.25mm,77kg,5,12898.70
Lines,Solid Materials,HiPower Nylon 30lb ORNG NM 1200m,Nylon monofilament,Orange,1200m,0.38mm,13.6kg,5,12728.70
Lines,Solid Materials,HiPower Nylon 40lb ORNG NM 1200m,Nylon monofilament,Orange,1200m,0.50mm,18kg,5,12728.70
Lines,Solid Materials,HiPower Nylon 50lb ORNG NM 1200m,Nylon monofilament,Orange,1200m,0.60mm,22.5kg,5,12728.70
Lines,Solid Materials,HiPower Nylon 60lb ORNG NM 1200m,Nylon monofilament,Orange,1200m,0.70mm,27kg,5,12748.70
Lines,Solid Materials,HiPower Nylon 80lb ORNG NM 1200m,Nylon monofilament,Orange,1200m,0.80mm,36kg,5,12748.70
Lines,Solid Materials,HiPower Nylon 100lb ORNG NM 1200m,Nylon monofilament,Orange,1200m,1.00mm,45kg,5,12819.70
Lines,Solid Materials,HiPower Nylon 130lb ORNG NM 1200m,Nylon monofilament,Orange,1200m,1.10mm,60kg,5,12819.70
Lines,Solid Materials,HiPower Nylon 170lb ORNG NM 1200m,Nylon monofilament,Orange,1200m,1.25mm,77kg,5,12898.70
Lines,Solid Materials,HiPower Nylon 30lb TRS NM 1200m,Nylon monofilament,Transparent,1200m,0.38mm,13.6kg,5,12728.70
Lines,Solid Materials,HiPower Nylon 40lb TRS NM 1200m,Nylon monofilament,Transparent,1200m,0.50mm,18kg,5,12728.70
Lines,Solid Materials,HiPower Nylon 50lb TRS NM 1200m,Nylon monofilament,Transparent,1200m,0.60mm,22.5kg,5,12728.70
Lines,Solid Materials,HiPower Nylon 60lb TRS NM 1200m,Nylon monofilament,Transparent,1200m,0.70mm,27kg,5,12748.70
Lines,Solid Materials,HiPower Nylon 80lb TRS NM 1200m,Nylon monofilament,Transparent,1200m,0.80mm,36kg,5,12748.70
Lines,Solid Materials,HiPower Nylon 100lb TRS NM 1200m,Nylon monofilament,Transparent,1200m,1.00mm,45kg,5,12819.70
Lines,Solid Materials,HiPower Nylon 130lb TRS NM 1200m,Nylon monofilament,Transparent,1200m,1.10mm,60kg,5,12819.70
Lines,Solid Materials,HiPower Nylon 170lb TRS NM 1200m,Nylon monofilament,Transparent,1200m,1.25mm,77kg,5,12898.70
Lines,Snake,Micro Carbon 2.2lb 25m,Fluorocarbon,White,25m,0.10mm,1kg,4.5,1248.90
Lines,Snake,Micro Carbon 2.5lb 25m,Fluorocarbon,White,25m,0.11mm,1.2kg,4.5,1248.90
Lines,Snake,Micro Carbon 2.8lb 25m,Fluorocarbon,White,25m,0.12mm,1.3kg,4.5,1248.90
Lines,Snake,Micro Carbon 3.2lb 25m,Fluorocarbon,White,25m,0.13mm,1.5kg,4.5,1248.90
Lines,Snake,Micro Carbon 3.6lb 25m,Fluorocarbon,White,25m,0.14mm,1.7kg,4.5,1248.90
Lines,Syberia,Fine Fluorocarbon 4lb 100m,Fluorocarbon,Transparent,100m,0.16mm,1.8kg,2.5,1059.80
Lines,Syberia,Fine Fluorocarbon 5lb 100m,Fluorocarbon,Transparent,100m,0.18mm,2.3kg,2.5,1059.80
Lines,Syberia,Fine Fluorocarbon 6lb 100m,Fluorocarbon,Transparent,100m,0.21mm,2.8kg,2.5,1060.80
Lines,Syberia,Fine Fluorocarbon 7lb 100m,Fluorocarbon,Transparent,100m,0.22mm,3.2kg,2.5,1060.80
Lines,Syberia,Fine Fluorocarbon 9.5lb 100m,Fluorocarbon,Transparent,100m,0.26mm,4.3kg,2.5,1061.80
Lines,Syberia,Fine Fluorocarbon 12lb 100m,Fluorocarbon,Transparent,100m,0.28mm,5.4kg,2.5,1062.80
Lines,Syberia,Fine Fluorocarbon 17lb 100m,Fluorocarbon,Transparent,100m,0.35mm,7.7kg,2.5,1063.80
Lines,Syberia,Fine Fluorocarbon 20lb 100m,Fluorocarbon,Transparent,100m,0.39mm,9.3kg,2.5,1064.80
Lines,Syberia,Fine Fluorocarbon 22lb 100m,Fluorocarbon,Transparent,100m,0.42mm,10kg,2.5,1065.80
Lines,Simmons,Pure Fluorocarbon 4.5lb,Fluorocarbon,Transparent,110m,0.17mm,2.2kg,4.5,1088.90
Lines,Simmons,Pure Fluorocarbon 6lb,Fluorocarbon,Transparent,110m,0.19mm,2.7kg,4.5,1088.90
Lines,Simmons,Pure Fluorocarbon 7lb,Fluorocarbon,Transparent,110m,0.21mm,3.1kg,4.5,1098.90
Lines,Simmons,Pure Fluorocarbon 8lb,Fluorocarbon,Transparent,110m,0.23mm,3.6kg,4.5,1090.90
Lines,Simmons,Pure Fluorocarbon 10lb,Fluorocarbon,Transparent,110m,0.26mm,4.4kg,4.5,1092.90
Lines,Simmons,Pure Fluorocarbon 12lb,Fluorocarbon,Transparent,110m,0.28mm,5.5kg,4.5,1094.90
Lines,Simmons,Pure Fluorocarbon 14lb,Fluorocarbon,Transparent,110m,0.32mm,6.4kg,4.5,1095.90
Lines,Simmons,Pure Fluorocarbon 17lb,Fluorocarbon,Transparent,110m,0.36mm,7.8kg,4.5,1096.90
Lines,Simmons,Pure Fluorocarbon 21lb,Fluorocarbon,Transparent,110m,0.42mm,9.7kg,4.5,1098.90
Lines,Simmons,Pure Fluorocarbon 26lb,Fluorocarbon,Transparent,110m,0.46mm,11.6kg,4.5,1099.90
Lines,Simmons,Pure Fluorocarbon 30lb,Fluorocarbon,Transparent,110m,0.49mm,13.8kg,4.5,10104.90
Lines,Simmons,Pure Fluorocarbon 38lb,Fluorocarbon,Transparent,110m,0.54mm,17.4kg,4.5,10106.90
Lines,Solid Materials,Fluorocarbon 3lb 30m,Fluorocarbon,Transparent,30m,0.12mm,1.4kg,5,1289.80
Lines,Solid Materials,Fluorocarbon 3.7lb 30m,Fluorocarbon,Transparent,30m,0.14mm,1.7kg,5,1289.80
Lines,Solid Materials,Fluorocarbon 4.8lb 30m,Fluorocarbon,Transparent,30m,0.16mm,2.2kg,5,1289.80
Lines,Solid Materials,Fluorocarbon 5.7lb 30m,Fluorocarbon,Transparent,30m,0.18mm,2.6kg,5,1289.80
Lines,Solid Materials,Fluorocarbon 7.7lb 30m,Fluorocarbon,Transparent,30m,0.20mm,3.5kg,5,1289.80
Lines,Solid Materials,Fluorocarbon 9lb 30m,Fluorocarbon,Transparent,30m,0.24mm,4.1kg,5,1289.80
Lines,Solid Materials,Fluorocarbon 13.6lb 30m,Fluorocarbon,Transparent,30m,0.28mm,6.2kg,5,1294.80
Lines,Solid Materials,Fluorocarbon 16.3lb 30m,Fluorocarbon,Transparent,30m,0.32mm,7.4kg,5,1294.80
Lines,Solid Materials,Fluorocarbon 20.7lb 30m,Fluorocarbon,Transparent,30m,0.38mm,9.4kg,5,1294.80
Lines,Solid Materials,Fluorocarbon 28lb 30m,Fluorocarbon,Transparent,30m,0.46mm,12.7kg,5,1299.80
Lines,Solid Materials,Fluorocarbon 41.8lb 30m,Fluorocarbon,Transparent,30m,0.54mm,19kg,5,1299.80
Lines,Snake,Power Carbon 3.5lb 100m,Fluorocarbon,White,100m,0.14mm,1.6kg,4.5,10119.00
Lines,Snake,Power Carbon 4.6lb 100m,Fluorocarbon,White,100m,0.16mm,2.1kg,4.5,10121.00
Lines,Snake,Power Carbon 5.5lb 100m,Fluorocarbon,White,100m,0.18mm,2.5kg,4.5,10124.00
Lines,Snake,Power Carbon 7.5lb 100m,Fluorocarbon,White,100m,0.20mm,3.4kg,4.5,10126.00
Lines,Snake,Power Carbon 8.8lb 100m,Fluorocarbon,White,100m,0.25mm,4kg,4.5,10128.00
Lines,Snake,Power Carbon 13lb 100m,Fluorocarbon,White,100m,0.28mm,6kg,4.5,10129.00
Lines,Snake,Power Carbon 15lb 100m,Fluorocarbon,White,100m,0.30mm,6.9kg,4.5,10129.00
Lines,Snake,Power Carbon 18lb 100m,Fluorocarbon,White,100m,0.35mm,8.2kg,4.5,10129.00
Lines,Snake,Power Carbon 21.5lb 100m,Fluorocarbon,White,100m,0.40mm,9.8kg,4.5,10131.00
Lines,Snake,Power Carbon 27lb 100m,Fluorocarbon,White,100m,0.45mm,12.3kg,4.5,10134.00
Lines,Snake,Power Carbon 33lb 100m,Fluorocarbon,White,100m,0.50mm,15kg,4.5,10136.00
Lines,Snake,Power Carbon 42lb 100m,Fluorocarbon,White,100m,0.55mm,19.1kg,4.5,10138.00
Lines,Snake,Power Carbon 50lb 100m,Fluorocarbon,White,100m,0.60mm,22.8kg,4.5,10141.00
Lines,Snake,Power Carbon 61lb 100m,Fluorocarbon,White,100m,0.70mm,27.7kg,4.5,10143.00
Lines,Solid Materials,SL-Type Fluorocarbon 51lb 30m,Fluorocarbon,Transparent,30m,0.60mm,23.1kg,5,18148.60
Lines,Solid Materials,SL-Type Fluorocarbon 62lb 30m,Fluorocarbon,Transparent,30m,0.70mm,28.2kg,5,18148.60
Lines,Solid Materials,SL-Type Fluorocarbon 77lb 30m,Fluorocarbon,Transparent,30m,0.80mm,35kg,5,18168.60
Lines,Solid Materials,SL-Type Fluorocarbon 95lb 30m,Fluorocarbon,Transparent,30m,0.90mm,43.2kg,5,18178.60
Lines,Solid Materials,SL-Type Fluorocarbon 121lb 30m,Fluorocarbon,Transparent,30m,1.00mm,55kg,5,18198.60
Lines,Snake,Micro Carbon 2.2lb 100m,Fluorocarbon,White,100m,0.10mm,1kg,4.5,12148.70
Lines,Snake,Micro Carbon 2.5lb 100m,Fluorocarbon,White,100m,0.11mm,1.2kg,4.5,12148.70
Lines,Snake,Micro Carbon 2.8lb 100m,Fluorocarbon,White,100m,0.12mm,1.3kg,4.5,12148.70
Lines,Snake,Micro Carbon 3.2lb 100m,Fluorocarbon,White,100m,0.13mm,1.5kg,4.5,12148.70
Lines,Snake,Micro Carbon 3.6lb 100m,Fluorocarbon,White,100m,0.14mm,1.7kg,4.5,12148.70
Lines,Syberia,Fine Fluorocarbon 4lb 300m,Fluorocarbon,Transparent,300m,0.16mm,1.8kg,2.5,10148.80
Lines,Syberia,Fine Fluorocarbon 5lb 300m,Fluorocarbon,Transparent,300m,0.18mm,2.3kg,2.5,10148.80
Lines,Syberia,Fine Fluorocarbon 6lb 300m,Fluorocarbon,Transparent,300m,0.21mm,2.8kg,2.5,10152.80
Lines,Syberia,Fine Fluorocarbon 7lb 300m,Fluorocarbon,Transparent,300m,0.22mm,3.2kg,2.5,10152.80
Lines,Syberia,Fine Fluorocarbon 9.5lb 300m,Fluorocarbon,Transparent,300m,0.26mm,4.3kg,2.5,10155.80
Lines,Syberia,Fine Fluorocarbon 12lb 300m,Fluorocarbon,Transparent,300m,0.28mm,5.4kg,2.5,10158.80
Lines,Syberia,Fine Fluorocarbon 17lb 300m,Fluorocarbon,Transparent,300m,0.35mm,7.7kg,2.5,10161.80
Lines,Syberia,Fine Fluorocarbon 20lb 300m,Fluorocarbon,Transparent,300m,0.39mm,9.3kg,2.5,10164.80
Lines,Syberia,Fine Fluorocarbon 22lb 300m,Fluorocarbon,Transparent,300m,0.42mm,10kg,2.5,10165.80
Lines,Simmons,Pure Fluorocarbon 4.5lb XL,Fluorocarbon,Transparent,350m,0.17mm,2.2kg,4.5,10220.90
Lines,Simmons,Pure Fluorocarbon 6lb XL,Fluorocarbon,Transparent,350m,0.19mm,2.7kg,4.5,10220.90
Lines,Simmons,Pure Fluorocarbon 7lb XL,Fluorocarbon,Transparent,350m,0.21mm,3.1kg,4.5,10223.90
Lines,Simmons,Pure Fluorocarbon 8lb XL,Fluorocarbon,Transparent,350m,0.23mm,3.6kg,4.5,10228.90
Lines,Simmons,Pure Fluorocarbon 10lb XL,Fluorocarbon,Transparent,350m,0.26mm,4.4kg,4.5,10229.90
Lines,Simmons,Pure Fluorocarbon 12lb XL,Fluorocarbon,Transparent,350m,0.28mm,5.5kg,4.5,10234.90
Lines,Simmons,Pure Fluorocarbon 14lb XL,Fluorocarbon,Transparent,350m,0.32mm,6.4kg,4.5,10237.90
Lines,Simmons,Pure Fluorocarbon 17lb XL,Fluorocarbon,Transparent,350m,0.36mm,7.8kg,4.5,10239.90
Lines,Simmons,Pure Fluorocarbon 21lb XL,Fluorocarbon,Transparent,350m,0.42mm,9.7kg,4.5,10244.90
Lines,Simmons,Pure Fluorocarbon 26lb XL,Fluorocarbon,Transparent,350m,0.46mm,11.6kg,4.5,10247.90
Lines,Simmons,Pure Fluorocarbon 30lb XL,Fluorocarbon,Transparent,350m,0.49mm,13.8kg,4.5,10259.90
Lines,Simmons,Pure Fluorocarbon 38lb XL,Fluorocarbon,Transparent,350m,0.54mm,17.4kg,4.5,10264.90
Lines,Snake,Power Carbon 3.5lb 300m,Fluorocarbon,White,300m,0.14mm,1.6kg,4.5,10238.80
Lines,Snake,Power Carbon 4.6lb 300m,Fluorocarbon,White,300m,0.16mm,2.1kg,4.5,10242.80
Lines,Snake,Power Carbon 5.5lb 300m,Fluorocarbon,White,300m,0.18mm,2.5kg,4.5,10248.80
Lines,Snake,Power Carbon 7.5lb 300m,Fluorocarbon,White,300m,0.20mm,3.4kg,4.5,10252.80
Lines,Snake,Power Carbon 8.8lb 300m,Fluorocarbon,White,300m,0.25mm,4kg,4.5,10256.80
Lines,Snake,Power Carbon 13lb 300m,Fluorocarbon,White,300m,0.28mm,6kg,4.5,10258.80
Lines,Snake,Power Carbon 15lb 300m,Fluorocarbon,White,300m,0.30mm,6.9kg,4.5,10258.00
Lines,Snake,Power Carbon 18lb 300m,Fluorocarbon,White,300m,0.35mm,8.2kg,4.5,10258.80
Lines,Snake,Power Carbon 21.5lb 300m,Fluorocarbon,White,300m,0.40mm,9.8kg,4.5,10262.80
Lines,Snake,Power Carbon 27lb 300m,Fluorocarbon,White,300m,0.45mm,12.3kg,4.5,10268.80
Lines,Snake,Power Carbon 33lb 300m,Fluorocarbon,White,300m,0.50mm,15kg,4.5,10272.80
Lines,Snake,Power Carbon 42lb 300m,Fluorocarbon,White,300m,0.55mm,19.1kg,4.5,10276.80
Lines,Snake,Power Carbon 50lb 300m,Fluorocarbon,White,300m,0.60mm,22.8kg,4.5,10282.80
Lines,Snake,Power Carbon 61lb 300m,Fluorocarbon,White,300m,0.70mm,27.7kg,4.5,10286.80
Lines,Solid Materials,Fluorocarbon 3lb 100m,Fluorocarbon,Transparent,100m,0.12mm,1.4kg,5,12239.50
Lines,Solid Materials,Fluorocarbon 3.7lb 100m,Fluorocarbon,Transparent,100m,0.14mm,1.7kg,5,12239.50
Lines,Solid Materials,Fluorocarbon 4.8lb 100m,Fluorocarbon,Transparent,100m,0.16mm,2.2kg,5,12239.50
Lines,Solid Materials,Fluorocarbon 5.7lb 100m,Fluorocarbon,Transparent,100m,0.18mm,2.6kg,5,12239.50
Lines,Solid Materials,Fluorocarbon 7.7lb 100m,Fluorocarbon,Transparent,100m,0.20mm,3.5kg,5,12239.50
Lines,Solid Materials,Fluorocarbon 9lb 100m,Fluorocarbon,Transparent,100m,0.24mm,4.1kg,5,12239.50
Lines,Solid Materials,Fluorocarbon 13.6lb 100m,Fluorocarbon,Transparent,100m,0.28mm,6.2kg,5,12244.50
Lines,Solid Materials,Fluorocarbon 16.3lb 100m,Fluorocarbon,Transparent,100m,0.32mm,7.4kg,5,12244.50
Lines,Solid Materials,Fluorocarbon 20.7lb 100m,Fluorocarbon,Transparent,100m,0.38mm,9.4kg,5,12244.50
Lines,Solid Materials,Fluorocarbon 28lb 100m,Fluorocarbon,Transparent,100m,0.46mm,12.7kg,5,12249.50
Lines,Solid Materials,Fluorocarbon 41.8lb 100m,Fluorocarbon,Transparent,100m,0.54mm,19kg,5,12249.50
Lines,Express Fishing,Super Braid,Braided Line,Blue,110m,0.14mm,4.5kgs,1,16.00
Lines,Express Fishing,Super Braid,Braided Line,Blue,110m,0.20mm,9.1kg,1,16.50
Lines,Express Fishing,Super Braid,Braided Line,Blue,110m,0.26mm,13kg,1,16.50
Lines,Express Fishing,Super Braid,Braided Line,Blue,110m,0.32mm,18kg,1,18.00
Lines,Express Fishing,Super Braid,Braided Line,Blue,110m,0.36mm,22kg,1,18.50
Lines,Express Fishing,Super Braid,Braided Line,Blue,110m,0.40mm,27kg,1,18.50
Lines,Express Fishing,Super Braid,Braided Line,Blue,110m,0.44mm,31kg,1,18.80
Lines,Express Fishing,Super Braid,Braided Line,Blue,110m,0.48mm,36kg,1,113.00
Lines,Express Fishing,Super Braid,Braided Line,Blue,110m,0.50mm,40kg,1,117.50
Lines,Express Fishing,Super Braid,Braided Line,Blue,110m,0.55mm,45kg,1,126.00
Lines,Express Fishing,Super Braid,Braided Line,Gray,110m,0.14mm,4.5kgs,1,16.00
Lines,Express Fishing,Super Braid,Braided Line,Gray,110m,0.20mm,9.1kg,1,16.50
Lines,Express Fishing,Super Braid,Braided Line,Gray,110m,0.26mm,13kg,1,16.50
Lines,Express Fishing,Super Braid,Braided Line,Gray,110m,0.32mm,18kg,1,18.00
Lines,Express Fishing,Super Braid,Braided Line,Gray,110m,0.36mm,22kg,1,18.50
Lines,Express Fishing,Super Braid,Braided Line,Gray,110m,0.40mm,27kg,1,18.50
Lines,Express Fishing,Super Braid,Braided Line,Gray,110m,0.44mm,31kg,1,18.80
Lines,Express Fishing,Super Braid,Braided Line,Gray,110m,0.48mm,36kg,1,113.00
Lines,Express Fishing,Super Braid,Braided Line,Gray,110m,0.50mm,40kg,1,117.50
Lines,Express Fishing,Super Braid,Braided Line,Gray,110m,0.55mm,45kg,1,126.00
Lines,Express Fishing,Super Braid,Braided Line,Dark Green,110m,0.14mm,4.5kgs,1,16.00
Lines,Express Fishing,Super Braid,Braided Line,Dark Green,110m,0.20mm,9.1kg,1,16.50
Lines,Express Fishing,Super Braid,Braided Line,Dark Green,110m,0.26mm,13kg,1,16.50
Lines,Express Fishing,Super Braid,Braided Line,Dark Green,110m,0.32mm,18kg,1,18.00
Lines,Express Fishing,Super Braid,Braided Line,Dark Green,110m,0.36mm,22kg,1,18.50
Lines,Express Fishing,Super Braid,Braided Line,Dark Green,110m,0.40mm,27kg,1,18.50
Lines,Express Fishing,Super Braid,Braided Line,Dark Green,110m,0.44mm,31kg,1,18.80
Lines,Express Fishing,Super Braid,Braided Line,Dark Green,110m,0.48mm,36kg,1,113.00
Lines,Express Fishing,Super Braid,Braided Line,Dark Green,110m,0.50mm,40kg,1,117.50
Lines,Express Fishing,Super Braid,Braided Line,Dark Green,110m,0.55mm,45kg,1,126.00
Lines,Syberia,Hybrid - 8lb 110m Black,Braided Line,Black,110m,0.11mm,3.5kg,2.5,116.50
Lines,Syberia,Hybrid - 11lb 110m Black,Braided Line,Black,110m,0.14mm,5kg,2.5,116.90
Lines,Syberia,Hybrid - 16lb 110m Black,Braided Line,Black,110m,0.16mm,7.2kg,2.5,119.90
Lines,Syberia,Hybrid - 22lb 110m Black,Braided Line,Black,110m,0.19mm,10kg,2.5,121.50
Lines,Syberia,Hybrid - 28lb 110m Black,Braided Line,Black,110m,0.24mm,12.5kg,2.5,122.50
Lines,Syberia,Hybrid - 35lb 110m Black,Braided Line,Black,110m,0.28mm,15kg,2.5,123.50
Lines,Syberia,Hybrid - 42lb 110m Black,Braided Line,Black,110m,0.33mm,19kg,2.5,123.90
Lines,Syberia,Hybrid - 55lb 110m Black,Braided Line,Black,110m,0.38mm,25kg,2.5,124.80
Lines,Syberia,Hybrid - 72lb 110m Black,Braided Line,Black,110m,0.40mm,33kg,2.5,129.90
Lines,Syberia,Hybrid - 8lb 110m Green,Braided Line,Dark Green,110m,0.11mm,3.5kg,2.5,116.50
Lines,Syberia,Hybrid - 11lb 110m Black,Braided Line,Dark Green,110m,0.14mm,5kg,2.5,116.90
Lines,Syberia,Hybrid - 16lb 110m Black,Braided Line,Dark Green,110m,0.16mm,7.2kg,2.5,119.90
Lines,Syberia,Hybrid - 22lb 110m Black,Braided Line,Dark Green,110m,0.19mm,10kg,2.5,121.50
Lines,Syberia,Hybrid - 28lb 110m Black,Braided Line,Dark Green,110m,0.24mm,12.5kg,2.5,122.50
Lines,Syberia,Hybrid - 35lb 110m Black,Braided Line,Dark Green,110m,0.28mm,15kg,2.5,123.50
Lines,Syberia,Hybrid - 42lb 110m Black,Braided Line,Dark Green,110m,0.33mm,19kg,2.5,123.90
Lines,Syberia,Hybrid - 55lb 110m Black,Braided Line,Dark Green,110m,0.38mm,25kg,2.5,124.80
Lines,Syberia,Hybrid - 72lb 110m Black,Braided Line,Dark Green,110m,0.40mm,33kg,2.5,129.90
Lines,Simmons,ExtraSilk - 6.5lb BL,Braided Line,Blue,120m,0.08mm,3kg,4,144.80
Lines,Simmons,ExtraSilk - 9lb BL,Braided Line,Blue,120m,0.10mm,4kg,4,143.80
Lines,Simmons,ExtraSilk - 12lb BL,Braided Line,Blue,120m,0.12mm,5.4kg,4,142.80
Lines,Simmons,ExtraSilk - 17lb BL,Braided Line,Blue,120m,0.15mm,8kg,4,140.80
Lines,Simmons,ExtraSilk - 22lb BL,Braided Line,Blue,120m,0.18mm,10.2kg,4,140.80
Lines,Simmons,ExtraSilk - 30lb BL,Braided Line,Blue,120m,0.22mm,13.5kg,4,142.80
Lines,Simmons,ExtraSilk - 34lb BL,Braided Line,Blue,120m,0.26mm,15.6kg,4,143.80
Lines,Simmons,ExtraSilk - 46lb BL,Braided Line,Blue,120m,0.32mm,21kg,4,144.80
Lines,Simmons,ExtraSilk - 60lb BL,Braided Line,Blue,120m,0.38mm,28kg,4,146.80
Lines,Simmons,ExtraSilk - 90lb BL,Braided Line,Blue,120m,0.45mm,40kg,4,148.80
Lines,Simmons,ExtraSilk - 140lb BL,Braided Line,Blue,120m,0.60mm,65kg,4,149.80
Lines,Simmons,ExtraSilk - 6.5lb HK,Braided Line,Dark Green,120m,0.08mm,3kg,4,144.80
Lines,Simmons,ExtraSilk - 9lb HK,Braided Line,Dark Green,120m,0.10mm,4kg,4,143.80
Lines,Simmons,ExtraSilk - 12lb HK,Braided Line,Dark Green,120m,0.12mm,5.4kg,4,142.80
Lines,Simmons,ExtraSilk - 17lb HK,Braided Line,Dark Green,120m,0.15mm,8kg,4,140.80
Lines,Simmons,ExtraSilk - 22lb HK,Braided Line,Dark Green,120m,0.18mm,10.2kg,4,140.80
Lines,Simmons,ExtraSilk - 30lb HK,Braided Line,Dark Green,120m,0.22mm,13.5kg,4,142.80
Lines,Simmons,ExtraSilk - 34lb HK,Braided Line,Dark Green,120m,0.26mm,15.6kg,4,143.80
Lines,Simmons,ExtraSilk - 46lb HK,Braided Line,Dark Green,120m,0.32mm,21kg,4,144.80
Lines,Simmons,ExtraSilk - 60lb HK,Braided Line,Dark Green,120m,0.38mm,28kg,4,146.80
Lines,Simmons,ExtraSilk - 90lb HK,Braided Line,Dark Green,120m,0.45mm,40kg,4,148.80
Lines,Simmons,ExtraSilk - 140lb HK,Braided Line,Dark Green,120m,0.60mm,65kg,4,149.80
Lines,Syberia,Hybrid - 8lb 350m Black,Braided Line,Black,350m,0.11mm,3.5kg,2.5,148.80
Lines,Syberia,Hybrid - 11lb 350m Black,Braided Line,Black,350m,0.14mm,5kg,2.5,148.80
Lines,Syberia,Hybrid - 16lb 350m Black,Braided Line,Black,350m,0.16mm,7.2kg,2.5,156.80
Lines,Syberia,Hybrid - 22lb 350m Black,Braided Line,Black,350m,0.19mm,10kg,2.5,162.90
Lines,Syberia,Hybrid - 28lb 350m Black,Braided Line,Black,350m,0.24mm,12.5kg,2.5,165.80
Lines,Syberia,Hybrid - 35lb 350m Black,Braided Line,Black,350m,0.28mm,15kg,2.5,168.80
Lines,Syberia,Hybrid - 42lb 350m Black,Braided Line,Black,350m,0.33mm,19kg,2.5,169.80
Lines,Syberia,Hybrid - 55lb 350m Black,Braided Line,Black,350m,0.38mm,25kg,2.5,172.80
Lines,Syberia,Hybrid - 72lb 350m Black,Braided Line,Black,350m,0.40mm,33kg,2.5,185.90
Lines,Syberia,Hybrid - 8lb 350m Green,Braided Line,Dark Green,350m,0.11mm,3.5kg,2.5,148.80
Lines,Syberia,Hybrid - 11lb 350m Black,Braided Line,Dark Green,350m,0.14mm,5kg,2.5,148.80
Lines,Syberia,Hybrid - 16lb 350m Black,Braided Line,Dark Green,350m,0.16mm,7.2kg,2.5,156.80
Lines,Syberia,Hybrid - 22lb 350m Black,Braided Line,Dark Green,350m,0.19mm,10kg,2.5,162.90
Lines,Syberia,Hybrid - 28lb 350m Black,Braided Line,Dark Green,350m,0.24mm,12.5kg,2.5,165.80
Lines,Syberia,Hybrid - 35lb 350m Black,Braided Line,Dark Green,350m,0.28mm,15kg,2.5,168.80
Lines,Syberia,Hybrid - 42lb 350m Black,Braided Line,Dark Green,350m,0.33mm,19kg,2.5,169.80
Lines,Syberia,Hybrid - 55lb 350m Black,Braided Line,Dark Green,350m,0.38mm,25kg,2.5,172.80
Lines,Syberia,Hybrid - 72lb 350m Black,Braided Line,Dark Green,350m,0.40mm,33kg,2.5,185.90
Lines,Simmons,DevilBraid - 12lb Green,Braided Line,Dark Green,100m,0.10mm,5.4kg,4.5,162.60
Lines,Simmons,DevilBraid - 14lb Green,Braided Line,Dark Green,100m,0.12mm,6.5kg,4.5,162.60
Lines,Simmons,DevilBraid - 20lb Green,Braided Line,Dark Green,100m,0.16mm,9.2kg,4.5,165.80
Lines,Simmons,DevilBraid - 28lb Green,Braided Line,Dark Green,100m,0.20mm,12.8kg,4.5,165.80
Lines,Simmons,DevilBraid - 34lb Green,Braided Line,Dark Green,100m,0.23mm,15.6kg,4.5,165.80
Lines,Simmons,DevilBraid - 48lb Green,Braided Line,Dark Green,100m,0.30mm,22kg,4.5,168.70
Lines,Simmons,DevilBraid - 58lb Green,Braided Line,Dark Green,100m,0.34mm,26.5kg,4.5,172.20
Lines,Simmons,DevilBraid - 66lb Green,Braided Line,Dark Green,100m,0.36mm,30kg,4.5,175.70
Lines,Simmons,DevilBraid - 77lb Green,Braided Line,Dark Green,100m,0.38mm,35kg,4.5,178.90
Lines,Simmons,DevilBraid - 120lb Green,Braided Line,Dark Green,100m,0.50mm,55kg,4.5,184.70
Lines,Simmons,DevilBraid - 160lb Green,Braided Line,Dark Green,100m,0.58mm,74kg,4.5,188.90
Lines,Simmons,DevilBraid - 12lb Orange,Braided Line,Orange,100m,0.10mm,5.4kg,4.5,162.60
Lines,Simmons,DevilBraid - 14lb Orange,Braided Line,Orange,100m,0.12mm,6.5kg,4.5,162.60
Lines,Simmons,DevilBraid - 20lb Orange,Braided Line,Orange,100m,0.16mm,9.2kg,4.5,165.80
Lines,Simmons,DevilBraid - 28lb Orange,Braided Line,Orange,100m,0.20mm,12.8kg,4.5,165.80
Lines,Simmons,DevilBraid - 34lb Orange,Braided Line,Orange,100m,0.23mm,15.6kg,4.5,165.80
Lines,Simmons,DevilBraid - 48lb Orange,Braided Line,Orange,100m,0.30mm,22kg,4.5,168.70
Lines,Simmons,DevilBraid - 58lb Orange,Braided Line,Orange,100m,0.34mm,26.5kg,4.5,172.20
Lines,Simmons,DevilBraid - 66lb Orange,Braided Line,Orange,100m,0.36mm,30kg,4.5,175.70
Lines,Simmons,DevilBraid - 77lb Orange,Braided Line,Orange,100m,0.38mm,35kg,4.5,178.90
Lines,Simmons,DevilBraid - 120lb Orange,Braided Line,Orange,100m,0.50mm,55kg,4.5,184.70
Lines,Simmons,DevilBraid - 160lb Orange,Braided Line,Orange,100m,0.58mm,74kg,4.5,188.90
Lines,Snake,Power Braid 13lb GRN 100m,Braided Line,Green,100m,0.10mm,5.9kg,4.5,179.70
Lines,Snake,Power Braid 18lb GRN 100m,Braided Line,Green,100m,0.13mm,8.2kg,4.5,179.70
Lines,Snake,Power Braid 20lb GRN 100m,Braided Line,Green,100m,0.15mm,9.2kg,4.5,184.70
Lines,Snake,Power Braid 26lb GRN 100m,Braided Line,Green,100m,0.18mm,12kg,4.5,184.70
Lines,Snake,Power Braid 30lb GRN 100m,Braided Line,Green,100m,0.20mm,13.5kg,4.5,188.70
Lines,Snake,Power Braid 39lb GRN 100m,Braided Line,Green,100m,0.24mm,17.7kg,4.5,188.70
Lines,Snake,Power Braid 50lb GRN 100m,Braided Line,Green,100m,0.28mm,22.8kg,4.5,192.70
Lines,Snake,Power Braid 63lb GRN 100m,Braided Line,Green,100m,0.33mm,28.5kg,4.5,192.70
Lines,Snake,Power Braid 79lb GRN 100m,Braided Line,Green,100m,0.38mm,36kg,4.5,194.70
Lines,Snake,Power Braid 86lb GRN 100m,Braided Line,Green,100m,0.42mm,39kg,4.5,194.70
Lines,Snake,Power Braid 99lb GRN 100m,Braided Line,Green,100m,0.48mm,45kg,4.5,198.70
Lines,Snake,Power Braid 13lb LIM 100m,Braided Line,Yellow-Green,100m,0.10mm,5.9kg,4.5,179.70
Lines,Snake,Power Braid 18lb LIM 100m,Braided Line,Yellow-Green,100m,0.13mm,8.2kg,4.5,179.70
Lines,Snake,Power Braid 20lb LIM 100m,Braided Line,Yellow-Green,100m,0.15mm,9.2kg,4.5,184.70
Lines,Snake,Power Braid 26lb LIM 100m,Braided Line,Yellow-Green,100m,0.18mm,12kg,4.5,184.70
Lines,Snake,Power Braid 30lb LIM 100m,Braided Line,Yellow-Green,100m,0.20mm,13.5kg,4.5,188.70
Lines,Snake,Power Braid 39lb LIM 100m,Braided Line,Yellow-Green,100m,0.24mm,17.7kg,4.5,188.70
Lines,Snake,Power Braid 50lb LIM 100m,Braided Line,Yellow-Green,100m,0.28mm,22.8kg,4.5,192.70
Lines,Snake,Power Braid 63lb LIM 100m,Braided Line,Yellow-Green,100m,0.33mm,28.5kg,4.5,192.70
Lines,Snake,Power Braid 79lb LIM 100m,Braided Line,Yellow-Green,100m,0.38mm,36kg,4.5,194.70
Lines,Snake,Power Braid 86lb LIM 100m,Braided Line,Yellow-Green,100m,0.42mm,39kg,4.5,194.70
Lines,Snake,Power Braid 99lb LIM 100m,Braided Line,Yellow-Green,100m,0.48mm,45kg,4.5,198.70
Lines,Snake,Power Braid 13lb SMO 100m,Braided Line,Smoky Gray,100m,0.10mm,5.9kg,4.5,179.70
Lines,Snake,Power Braid 18lb SMO 100m,Braided Line,Smoky Gray,100m,0.13mm,8.2kg,4.5,179.70
Lines,Snake,Power Braid 20lb SMO 100m,Braided Line,Smoky Gray,100m,0.15mm,9.2kg,4.5,184.70
Lines,Snake,Power Braid 26lb SMO 100m,Braided Line,Smoky Gray,100m,0.18mm,12kg,4.5,184.70
Lines,Snake,Power Braid 30lb SMO 100m,Braided Line,Smoky Gray,100m,0.20mm,13.5kg,4.5,188.70
Lines,Snake,Power Braid 39lb SMO 100m,Braided Line,Smoky Gray,100m,0.24mm,17.7kg,4.5,188.70
Lines,Snake,Power Braid 50lb SMO 100m,Braided Line,Smoky Gray,100m,0.28mm,22.8kg,4.5,192.70
Lines,Snake,Power Braid 63lb SMO 100m,Braided Line,Smoky Gray,100m,0.33mm,28.5kg,4.5,192.70
Lines,Snake,Power Braid 79lb SMO 100m,Braided Line,Smoky Gray,100m,0.38mm,36kg,4.5,194.70
Lines,Snake,Power Braid 86lb SMO 100m,Braided Line,Smoky Gray,100m,0.42mm,39kg,4.5,194.70
Lines,Snake,Power Braid 99lb SMO 100m,Braided Line,Smoky Gray,100m,0.48mm,45kg,4.5,198.70
Lines,Snake,Ultra Braid 12lb GRN 100m,Braided Line,Green,100m,0.10mm,5.4kg,5,199.60
Lines,Snake,Ultra Braid 15lb GRN 100m,Braided Line,Green,100m,0.12mm,6.9kg,5,199.60
Lines,Snake,Ultra Braid 21lb GRN 100m,Braided Line,Green,100m,0.16mm,9.5kg,5,1105.60
Lines,Snake,Ultra Braid 27lb GRN 100m,Braided Line,Green,100m,0.18mm,12.2kg,5,1105.60
Lines,Snake,Ultra Braid 29lb GRN 100m,Braided Line,Green,100m,0.20mm,13.3kg,5,1109.60
Lines,Snake,Ultra Braid 36lb GRN 100m,Braided Line,Green,100m,0.23mm,16.4kg,5,1113.60
Lines,Snake,Ultra Braid 51lb GRN 100m,Braided Line,Green,100m,0.30mm,23kg,5,1116.60
Lines,Snake,Ultra Braid 64lb GRN 100m,Braided Line,Green,100m,0.34mm,29.2kg,5,1119.60
Lines,Snake,Ultra Braid 70lb GRN 100m,Braided Line,Green,100m,0.36mm,32kg,5,1119.60
Lines,Snake,Ultra Braid 128lb GRN 100m,Braided Line,Green,100m,0.50mm,58kg,5,1124.60
Lines,Snake,Ultra Braid 176lb GRN 100m,Braided Line,Green,100m,0.58mm,80kg,5,1139.60
Lines,Snake,Ultra Braid 12lb YLW 100m,Braided Line,Yellow,100m,0.10mm,5.4kg,5,199.60
Lines,Snake,Ultra Braid 15lb YLW 100m,Braided Line,Yellow,100m,0.12mm,6.9kg,5,199.60
Lines,Snake,Ultra Braid 21lb YLW 100m,Braided Line,Yellow,100m,0.16mm,9.5kg,5,1105.60
Lines,Snake,Ultra Braid 27lb YLW 100m,Braided Line,Yellow,100m,0.18mm,12.2kg,5,1105.60
Lines,Snake,Ultra Braid 29lb YLW 100m,Braided Line,Yellow,100m,0.20mm,13.3kg,5,1109.60
Lines,Snake,Ultra Braid 36lb YLW 100m,Braided Line,Yellow,100m,0.23mm,16.4kg,5,1113.60
Lines,Snake,Ultra Braid 51lb YLW 100m,Braided Line,Yellow,100m,0.30mm,23kg,5,1116.60
Lines,Snake,Ultra Braid 64lb YLW 100m,Braided Line,Yellow,100m,0.34mm,29.2kg,5,1119.60
Lines,Snake,Ultra Braid 70lb YLW 100m,Braided Line,Yellow,100m,0.36mm,32kg,5,1119.60
Lines,Snake,Ultra Braid 128lb YLW 100m,Braided Line,Yellow,100m,0.50mm,58kg,5,1124.60
Lines,Snake,Ultra Braid 176lb YLW 100m,Braided Line,Yellow,100m,0.58mm,80kg,5,1139.60
Lines,Snake,Micro Braid 6lb LBL 100m,Braided Line,Blue,100m,0.04mm,2.8kg,5,199.70
Lines,Snake,Micro Braid 7lb LBL 100m,Braided Line,Blue,100m,0.06mm,3.3kg,5,199.70
Lines,Snake,Micro Braid 8lb LBL 100m,Braided Line,Blue,100m,0.08mm,3.7kg,5,199.70
Lines,Snake,Micro Braid 11lb LBL 100m,Braided Line,Blue,100m,0.10mm,5kg,5,199.70
Lines,Snake,Micro Braid 16lb LBL 100m,Braided Line,Blue,100m,0.12mm,7.3kg,5,199.70
Lines,Snake,Micro Braid 6lb ROS 100m,Braided Line,Pink,100m,0.04mm,2.8kg,5,199.70
Lines,Snake,Micro Braid 7lb ROS 100m,Braided Line,Pink,100m,0.06mm,3.3kg,5,199.70
Lines,Snake,Micro Braid 8lb ROS 100m,Braided Line,Pink,100m,0.08mm,3.7kg,5,199.70
Lines,Snake,Micro Braid 11lb ROS 100m,Braided Line,Pink,100m,0.10mm,5kg,5,199.70
Lines,Snake,Micro Braid 16lb ROS 100m,Braided Line,Pink,100m,0.12mm,7.3kg,5,199.70
Lines,Snake,Heavy Braid 132lb FIR 100m,Braided Line,Orange,100m,0.50mm,60kg,5,22114.60
Lines,Snake,Heavy Braid 185lb FIR 100m,Braided Line,Orange,100m,0.58mm,84kg,5,22125.60
Lines,Snake,Heavy Braid 242lb FIR 100m,Braided Line,Orange,100m,0.64mm,110kg,5,22149.60
Lines,Snake,Heavy Braid 326lb FIR 100m,Braided Line,Orange,100m,0.70mm,148kg,5,22178.60
Lines,Snake,Heavy Braid 420lb FIR 100m,Braided Line,Orange,100m,0.78mm,190.6kg,5,22199.60
Lines,Snake,Heavy Braid 132lb WHT 100m,Braided Line,White,100m,0.50mm,60kg,5,22114.60
Lines,Snake,Heavy Braid 185lb WHT 100m,Braided Line,White,100m,0.58mm,84kg,5,22125.60
Lines,Snake,Heavy Braid 242lb WHT 100m,Braided Line,White,100m,0.64mm,110kg,5,22149.60
Lines,Snake,Heavy Braid 326lb WHT 100m,Braided Line,White,100m,0.70mm,148kg,5,22178.60
Lines,Snake,Heavy Braid 420lb WHT 100m,Braided Line,White,100m,0.78mm,190.6kg,5,22199.60
Lines,Simmons,ExtraSilk - 6.5lb BL XL,Braided Line,Blue,150m,0.08mm,3kg,4,1132.80
Lines,Simmons,ExtraSilk - 9lb BL XL,Braided Line,Blue,150m,0.10mm,4kg,4,1129.70
Lines,Simmons,ExtraSilk - 12lb BL XL,Braided Line,Blue,150m,0.12mm,5.4kg,4,1126.70
Lines,Simmons,ExtraSilk - 17lb BL XL,Braided Line,Blue,150m,0.15mm,8kg,4,1120.70
Lines,Simmons,ExtraSilk - 22lb BL XL,Braided Line,Blue,150m,0.18mm,10.2kg,4,1120.70
Lines,Simmons,ExtraSilk - 30lb BL XL,Braided Line,Blue,150m,0.22mm,13.5kg,4,1120.70
Lines,Simmons,ExtraSilk - 34lb BL XL,Braided Line,Blue,150m,0.26mm,15.6kg,4,1129.80
Lines,Simmons,ExtraSilk - 46lb BL XL,Braided Line,Blue,150m,0.32mm,21kg,4,1132.70
Lines,Simmons,ExtraSilk - 60lb BL XL,Braided Line,Blue,150m,0.38mm,28kg,4,1138.80
Lines,Simmons,ExtraSilk - 90lb BL XL,Braided Line,Blue,150m,0.45mm,40kg,4,1144.70
Lines,Simmons,ExtraSilk - 140lb BL XL,Braided Line,Blue,150m,0.60mm,65kg,4,1147.70
Lines,Simmons,ExtraSilk - 6.5lb HK XL,Braided Line,Dark Green,150m,0.08mm,3kg,4,1132.80
Lines,Simmons,ExtraSilk - 9lb HK XL,Braided Line,Dark Green,150m,0.10mm,4kg,4,1129.70
Lines,Simmons,ExtraSilk - 12lb HK XL,Braided Line,Dark Green,150m,0.12mm,5.4kg,4,1126.70
Lines,Simmons,ExtraSilk - 17lb HK XL,Braided Line,Dark Green,150m,0.15mm,8kg,4,1120.70
Lines,Simmons,ExtraSilk - 22lb HK XL,Braided Line,Dark Green,150m,0.18mm,10.2kg,4,1120.70
Lines,Simmons,ExtraSilk - 30lb HK XL,Braided Line,Dark Green,150m,0.22mm,13.5kg,4,1120.70
Lines,Simmons,ExtraSilk - 34lb HK XL,Braided Line,Dark Green,150m,0.26mm,15.6kg,4,1129.80
Lines,Simmons,ExtraSilk - 46lb HK XL,Braided Line,Dark Green,150m,0.32mm,21kg,4,1132.70
Lines,Simmons,ExtraSilk - 60lb HK XL,Braided Line,Dark Green,150m,0.38mm,28kg,4,1138.80
Lines,Simmons,ExtraSilk - 90lb HK XL,Braided Line,Dark Green,150m,0.45mm,40kg,4,1144.70
Lines,Simmons,ExtraSilk - 140lb HK XL,Braided Line,Dark Green,150m,0.60mm,65kg,4,1147.70
Lines,Snake,Power Braid 13lb GRN 300m,Braided Line,Green,300m,0.10mm,5.9kg,4.5,1159.70
Lines,Snake,Power Braid 18lb GRN 300m,Braided Line,Green,300m,0.13mm,8.2kg,4.5,1159.70
Lines,Snake,Power Braid 20lb GRN 300m,Braided Line,Green,300m,0.15mm,9.2kg,4.5,1169.70
Lines,Snake,Power Braid 26lb GRN 300m,Braided Line,Green,300m,0.18mm,12kg,4.5,1169.70
Lines,Snake,Power Braid 30lb GRN 300m,Braided Line,Green,300m,0.20mm,13.5kg,4.5,1179.70
Lines,Snake,Power Braid 39lb GRN 300m,Braided Line,Green,300m,0.24mm,17.7kg,4.5,1179.70
Lines,Snake,Power Braid 50lb GRN 300m,Braided Line,Green,300m,0.28mm,22.8kg,4.5,1186.70
Lines,Snake,Power Braid 63lb GRN 300m,Braided Line,Green,300m,0.33mm,28.5kg,4.5,1186.70
Lines,Snake,Power Braid 79lb GRN 300m,Braided Line,Green,300m,0.38mm,36kg,4.5,1189.70
Lines,Snake,Power Braid 86lb GRN 300m,Braided Line,Green,300m,0.42mm,39kg,4.5,1189.70
Lines,Snake,Power Braid 99lb GRN 300m,Braided Line,Green,300m,0.48mm,45kg,4.5,1198.70
Lines,Snake,Power Braid 13lb LIM 300m,Braided Line,Yellow-Green,300m,0.10mm,5.9kg,4.5,1159.70
Lines,Snake,Power Braid 18lb LIM 300m,Braided Line,Yellow-Green,300m,0.13mm,8.2kg,4.5,1159.70
Lines,Snake,Power Braid 20lb LIM 300m,Braided Line,Yellow-Green,300m,0.15mm,9.2kg,4.5,1169.70
Lines,Snake,Power Braid 26lb LIM 300m,Braided Line,Yellow-Green,300m,0.18mm,12kg,4.5,1169.70
Lines,Snake,Power Braid 30lb LIM 300m,Braided Line,Yellow-Green,300m,0.20mm,13.5kg,4.5,1179.70
Lines,Snake,Power Braid 39lb LIM 300m,Braided Line,Yellow-Green,300m,0.24mm,17.7kg,4.5,1179.70
Lines,Snake,Power Braid 50lb LIM 300m,Braided Line,Yellow-Green,300m,0.28mm,22.8kg,4.5,1186.70
Lines,Snake,Power Braid 63lb LIM 300m,Braided Line,Yellow-Green,300m,0.33mm,28.5kg,4.5,1186.70
Lines,Snake,Power Braid 79lb LIM 300m,Braided Line,Yellow-Green,300m,0.38mm,36kg,4.5,1189.70
Lines,Snake,Power Braid 86lb LIM 300m,Braided Line,Yellow-Green,300m,0.42mm,39kg,4.5,1189.70
Lines,Snake,Power Braid 99lb LIM 300m,Braided Line,Yellow-Green,300m,0.48mm,45kg,4.5,1198.70
Lines,Snake,Power Braid 13lb SMO 300m,Braided Line,Smoky Gray,300m,0.10mm,5.9kg,4.5,1159.70
Lines,Snake,Power Braid 18lb SMO 300m,Braided Line,Smoky Gray,300m,0.13mm,8.2kg,4.5,1159.70
Lines,Snake,Power Braid 20lb SMO 300m,Braided Line,Smoky Gray,300m,0.15mm,9.2kg,4.5,1169.70
Lines,Snake,Power Braid 26lb SMO 300m,Braided Line,Smoky Gray,300m,0.18mm,12kg,4.5,1169.70
Lines,Snake,Power Braid 30lb SMO 300m,Braided Line,Smoky Gray,300m,0.20mm,13.5kg,4.5,1179.70
Lines,Snake,Power Braid 39lb SMO 300m,Braided Line,Smoky Gray,300m,0.24mm,17.7kg,4.5,1179.70
Lines,Snake,Power Braid 50lb SMO 300m,Braided Line,Smoky Gray,300m,0.28mm,22.8kg,4.5,1186.70
Lines,Snake,Power Braid 63lb SMO 300m,Braided Line,Smoky Gray,300m,0.33mm,28.5kg,4.5,1186.70
Lines,Snake,Power Braid 79lb SMO 300m,Braided Line,Smoky Gray,300m,0.38mm,36kg,4.5,1189.70
Lines,Snake,Power Braid 86lb SMO 300m,Braided Line,Smoky Gray,300m,0.42mm,39kg,4.5,1189.70
Lines,Snake,Power Braid 99lb SMO 300m,Braided Line,Smoky Gray,300m,0.48mm,45kg,4.5,1198.70
Lines,Snake,Ultra Braid 12lb GRN 300m,Braided Line,Green,300m,0.10mm,5.4kg,5,1198.60
Lines,Snake,Ultra Braid 15lb GRN 300m,Braided Line,Green,300m,0.12mm,6.9kg,5,1198.60
Lines,Snake,Ultra Braid 21lb GRN 300m,Braided Line,Green,300m,0.16mm,9.5kg,5,1210.60
Lines,Snake,Ultra Braid 27lb GRN 300m,Braided Line,Green,300m,0.18mm,12.2kg,5,1210.60
Lines,Snake,Ultra Braid 29lb GRN 300m,Braided Line,Green,300m,0.20mm,13.3kg,5,1218.60
Lines,Snake,Ultra Braid 36lb GRN 300m,Braided Line,Green,300m,0.23mm,16.4kg,5,1226.60
Lines,Snake,Ultra Braid 51lb GRN 300m,Braided Line,Green,300m,0.30mm,23kg,5,1234.60
Lines,Snake,Ultra Braid 64lb GRN 300m,Braided Line,Green,300m,0.34mm,29.2kg,5,1239.60
Lines,Snake,Ultra Braid 70lb GRN 300m,Braided Line,Green,300m,0.36mm,32kg,5,1239.60
Lines,Snake,Ultra Braid 128lb GRN 300m,Braided Line,Green,300m,0.50mm,58kg,5,1249.60
Lines,Snake,Ultra Braid 176lb GRN 300m,Braided Line,Green,300m,0.58mm,80kg,5,1279.60
Lines,Snake,Ultra Braid 12lb YLW 300m,Braided Line,Yellow,300m,0.10mm,5.4kg,5,1198.60
Lines,Snake,Ultra Braid 15lb YLW 300m,Braided Line,Yellow,300m,0.12mm,6.9kg,5,1198.60
Lines,Snake,Ultra Braid 21lb YLW 300m,Braided Line,Yellow,300m,0.16mm,9.5kg,5,1210.60
Lines,Snake,Ultra Braid 27lb YLW 300m,Braided Line,Yellow,300m,0.18mm,12.2kg,5,1210.60
Lines,Snake,Ultra Braid 29lb YLW 300m,Braided Line,Yellow,300m,0.20mm,13.3kg,5,1218.60
Lines,Snake,Ultra Braid 36lb YLW 300m,Braided Line,Yellow,300m,0.23mm,16.4kg,5,1226.60
Lines,Snake,Ultra Braid 51lb YLW 300m,Braided Line,Yellow,300m,0.30mm,23kg,5,1234.60
Lines,Snake,Ultra Braid 64lb YLW 300m,Braided Line,Yellow,300m,0.34mm,29.2kg,5,1239.60
Lines,Snake,Ultra Braid 70lb YLW 300m,Braided Line,Yellow,300m,0.36mm,32kg,5,1239.60
Lines,Snake,Ultra Braid 128lb YLW 300m,Braided Line,Yellow,300m,0.50mm,58kg,5,1249.60
Lines,Snake,Ultra Braid 176lb YLW 300m,Braided Line,Yellow,300m,0.58mm,80kg,5,1279.60
Lines,Solid Materials,HiPower Braid 30lb GR 300m,Braided Line,Light Green,300m,0.24mm,13.6kg,5,10218.70
Lines,Solid Materials,HiPower Braid 40lb GR 300m,Braided Line,Light Green,300m,0.28mm,18kg,5,10218.70
Lines,Solid Materials,HiPower Braid 50lb GR 300m,Braided Line,Light Green,300m,0.32mm,22.5kg,5,10218.70
Lines,Solid Materials,HiPower Braid 65lb GR 300m,Braided Line,Light Green,300m,0.38mm,30kg,5,10228.70
Lines,Solid Materials,HiPower Braid 80lb GR 300m,Braided Line,Light Green,300m,0.44mm,36kg,5,10228.70
Lines,Solid Materials,HiPower Braid 100lb GR 300m,Braided Line,Light Green,300m,0.50mm,45kg,5,10238.80
Lines,Solid Materials,HiPower Braid 130lb GR 300m,Braided Line,Light Green,300m,0.54mm,60kg,5,10238.80
Lines,Solid Materials,HiPower Braid 180lb GR 300m,Braided Line,Light Green,300m,0.60mm,82kg,5,10248.70
Lines,Solid Materials,HiPower Braid 240lb GR 300m,Braided Line,Light Green,300m,0.66mm,110kg,5,10317.70
Lines,Solid Materials,HiPower Braid 320lb GR 300m,Braided Line,Light Green,300m,0.70mm,145kg,5,10379.70
Lines,Solid Materials,HiPower Braid 450lb GR 300m,Braided Line,Light Green,300m,0.80mm,205kg,5,10448.70
Lines,Solid Materials,HiPower Braid 30lb LEM 300m,Braided Line,Yellow,300m,0.24mm,13.6kg,5,10218.70
Lines,Solid Materials,HiPower Braid 40lb LEM 300m,Braided Line,Yellow,300m,0.28mm,18kg,5,10218.70
Lines,Solid Materials,HiPower Braid 50lb LEM 300m,Braided Line,Yellow,300m,0.32mm,22.5kg,5,10218.70
Lines,Solid Materials,HiPower Braid 65lb LEM 300m,Braided Line,Yellow,300m,0.38mm,30kg,5,10228.70
Lines,Solid Materials,HiPower Braid 80lb LEM 300m,Braided Line,Yellow,300m,0.44mm,36kg,5,10228.70
Lines,Solid Materials,HiPower Braid 100lb LEM 300m,Braided Line,Yellow,300m,0.50mm,45kg,5,10238.80
Lines,Solid Materials,HiPower Braid 130lb LEM 300m,Braided Line,Yellow,300m,0.54mm,60kg,5,10238.80
Lines,Solid Materials,HiPower Braid 180lb LEM 300m,Braided Line,Yellow,300m,0.60mm,82kg,5,10248.70
Lines,Solid Materials,HiPower Braid 240lb LEM 300m,Braided Line,Yellow,300m,0.66mm,110kg,5,10317.70
Lines,Solid Materials,HiPower Braid 320lb LEM 300m,Braided Line,Yellow,300m,0.70mm,145kg,5,10379.70
Lines,Solid Materials,HiPower Braid 450lb LEM 300m,Braided Line,Yellow,300m,0.80mm,205kg,5,10448.70
Lines,Solid Materials,HiPower Braid 30lb SNOW 300m,Braided Line,White,300m,0.24mm,13.6kg,5,10218.70
Lines,Solid Materials,HiPower Braid 40lb SNOW 300m,Braided Line,White,300m,0.28mm,18kg,5,10218.70
Lines,Solid Materials,HiPower Braid 50lb SNOW 300m,Braided Line,White,300m,0.32mm,22.5kg,5,10218.70
Lines,Solid Materials,HiPower Braid 65lb SNOW 300m,Braided Line,White,300m,0.38mm,30kg,5,10228.70
Lines,Solid Materials,HiPower Braid 80lb SNOW 300m,Braided Line,White,300m,0.44mm,36kg,5,10228.70
Lines,Solid Materials,HiPower Braid 100lb SNOW 300m,Braided Line,White,300m,0.50mm,45kg,5,10238.80
Lines,Solid Materials,HiPower Braid 130lb SNOW 300m,Braided Line,White,300m,0.54mm,60kg,5,10238.80
Lines,Solid Materials,HiPower Braid 180lb SNOW 300m,Braided Line,White,300m,0.60mm,82kg,5,10248.70
Lines,Solid Materials,HiPower Braid 240lb SNOW 300m,Braided Line,White,300m,0.66mm,110kg,5,10317.70
Lines,Solid Materials,HiPower Braid 320lb SNOW 300m,Braided Line,White,300m,0.70mm,145kg,5,10379.70
Lines,Solid Materials,HiPower Braid 450lb SNOW 300m,Braided Line,White,300m,0.80mm,205kg,5,10448.70
Lines,Snake,Heavy Braid 132lb FIR 300m,Braided Line,Orange,300m,0.50mm,60kg,5,22229.60
Lines,Snake,Heavy Braid 185lb FIR 300m,Braided Line,Orange,300m,0.58mm,84kg,5,22249.60
Lines,Snake,Heavy Braid 242lb FIR 300m,Braided Line,Orange,300m,0.64mm,110kg,5,22299.60
Lines,Snake,Heavy Braid 326lb FIR 300m,Braided Line,Orange,300m,0.70mm,148kg,5,22359.60
Lines,Snake,Heavy Braid 420lb FIR 300m,Braided Line,Orange,300m,0.78mm,190.6kg,5,22396.60
Lines,Snake,Heavy Braid 132lb WHT 300m,Braided Line,White,300m,0.50mm,60kg,5,22229.60
Lines,Snake,Heavy Braid 185lb WHT 300m,Braided Line,White,300m,0.58mm,84kg,5,22249.60
Lines,Snake,Heavy Braid 242lb WHT 300m,Braided Line,White,300m,0.64mm,110kg,5,22299.60
Lines,Snake,Heavy Braid 326lb WHT 300m,Braided Line,White,300m,0.70mm,148kg,5,22359.60
Lines,Snake,Heavy Braid 420lb WHT 300m,Braided Line,White,300m,0.78mm,190.6kg,5,22396.60
Lines,Simmons,DevilBraid - 12lb Green XL,Braided Line,Dark Green,450m,0.10mm,5.4kg,4.5,1240.80
Lines,Simmons,DevilBraid - 14lb Green XL,Braided Line,Dark Green,450m,0.12mm,6.5kg,4.5,1240.80
Lines,Simmons,DevilBraid - 20lb Green XL,Braided Line,Dark Green,450m,0.16mm,9.2kg,4.5,1260.70
Lines,Simmons,DevilBraid - 28lb Green XL,Braided Line,Dark Green,450m,0.20mm,12.8kg,4.5,1260.70
Lines,Simmons,DevilBraid - 34lb Green XL,Braided Line,Dark Green,450m,0.23mm,15.6kg,4.5,1260.70
Lines,Simmons,DevilBraid - 48lb Green XL,Braided Line,Dark Green,450m,0.30mm,22kg,4.5,1272.70
Lines,Simmons,DevilBraid - 58lb Green XL,Braided Line,Dark Green,450m,0.34mm,26.5kg,4.5,1288.70
Lines,Simmons,DevilBraid - 66lb Green XL,Braided Line,Dark Green,450m,0.36mm,30kg,4.5,1298.70
Lines,Simmons,DevilBraid - 77lb Green XL,Braided Line,Dark Green,450m,0.38mm,35kg,4.5,1312.70
Lines,Simmons,DevilBraid - 120lb Green XL,Braided Line,Dark Green,450m,0.50mm,55kg,4.5,1336.70
Lines,Simmons,DevilBraid - 160lb Green XL,Braided Line,Dark Green,450m,0.58mm,74kg,4.5,1352.70
Lines,Simmons,DevilBraid - 12lb Orange XL,Braided Line,Orange,450m,0.10mm,5.4kg,4.5,1240.80
Lines,Simmons,DevilBraid - 14lb Orange XL,Braided Line,Orange,450m,0.12mm,6.5kg,4.5,1240.80
Lines,Simmons,DevilBraid - 20lb Orange XL,Braided Line,Orange,450m,0.16mm,9.2kg,4.5,1260.70
Lines,Simmons,DevilBraid - 28lb Orange XL,Braided Line,Orange,450m,0.20mm,12.8kg,4.5,1260.70
Lines,Simmons,DevilBraid - 34lb Orange XL,Braided Line,Orange,450m,0.23mm,15.6kg,4.5,1260.70
Lines,Simmons,DevilBraid - 48lb Orange XL,Braided Line,Orange,450m,0.30mm,22kg,4.5,1272.70
Lines,Simmons,DevilBraid - 58lb Orange XL,Braided Line,Orange,450m,0.34mm,26.5kg,4.5,1288.70
Lines,Simmons,DevilBraid - 66lb Orange XL,Braided Line,Orange,450m,0.36mm,30kg,4.5,1298.70
Lines,Simmons,DevilBraid - 77lb Orange XL,Braided Line,Orange,450m,0.38mm,35kg,4.5,1312.70
Lines,Simmons,DevilBraid - 120lb Orange XL,Braided Line,Orange,450m,0.50mm,55kg,4.5,1336.70
Lines,Simmons,DevilBraid - 160lb Orange XL,Braided Line,Orange,450m,0.58mm,74kg,4.5,1352.70
Lines,Solid Materials,HiPower Braid 30lb MC 300m,Braided Line,Multicolor,300m,0.24mm,13.6kg,5,10248.70
Lines,Solid Materials,HiPower Braid 40lb MC 300m,Braided Line,Multicolor,300m,0.28mm,18kg,5,10248.70
Lines,Solid Materials,HiPower Braid 50lb MC 300m,Braided Line,Multicolor,300m,0.32mm,22.5kg,5,10248.70
Lines,Solid Materials,HiPower Braid 65lb MC 300m,Braided Line,Multicolor,300m,0.38mm,30kg,5,10265.70
Lines,Solid Materials,HiPower Braid 80lb MC 300m,Braided Line,Multicolor,300m,0.44mm,36kg,5,10265.70
Lines,Solid Materials,HiPower Braid 100lb MC 300m,Braided Line,Multicolor,300m,0.50mm,45kg,5,10278.70
Lines,Solid Materials,HiPower Braid 130lb MC 300m,Braided Line,Multicolor,300m,0.54mm,60kg,5,10278.70
Lines,Solid Materials,HiPower Braid 180lb MC 300m,Braided Line,Multicolor,300m,0.60mm,82kg,5,10298.70
Lines,Solid Materials,HiPower Braid 240lb MC 300m,Braided Line,Multicolor,300m,0.66mm,110kg,5,10378.70
Lines,Solid Materials,HiPower Braid 320lb MC 300m,Braided Line,Multicolor,300m,0.70mm,145kg,5,10438.70
Lines,Solid Materials,HiPower Braid 450lb MC 300m,Braided Line,Multicolor,300m,0.80mm,205kg,5,10498.70
Lines,Solid Materials,HiPower Braid 30lb GR 600m,Braided Line,Light Green,600m,0.24mm,13.6kg,5,10398.70
Lines,Solid Materials,HiPower Braid 40lb GR 600m,Braided Line,Light Green,600m,0.28mm,18kg,5,10398.70
Lines,Solid Materials,HiPower Braid 50lb GR 600m,Braided Line,Light Green,600m,0.32mm,22.5kg,5,10398.70
Lines,Solid Materials,HiPower Braid 65lb GR 600m,Braided Line,Light Green,600m,0.38mm,30kg,5,10418.70
Lines,Solid Materials,HiPower Braid 80lb GR 600m,Braided Line,Light Green,600m,0.44mm,36kg,5,10418.70
Lines,Solid Materials,HiPower Braid 100lb GR 600m,Braided Line,Light Green,600m,0.50mm,45kg,5,10428.70
Lines,Solid Materials,HiPower Braid 130lb GR 600m,Braided Line,Light Green,600m,0.54mm,60kg,5,10428.70
Lines,Solid Materials,HiPower Braid 180lb GR 600m,Braided Line,Light Green,600m,0.60mm,82kg,5,10438.70
Lines,Solid Materials,HiPower Braid 240lb GR 600m,Braided Line,Light Green,600m,0.66mm,110kg,5,10598.70
Lines,Solid Materials,HiPower Braid 320lb GR 600m,Braided Line,Light Green,600m,0.70mm,145kg,5,10748.70
Lines,Solid Materials,HiPower Braid 450lb GR 600m,Braided Line,Light Green,600m,0.80mm,205kg,5,10848.70
Lines,Solid Materials,HiPower Braid 30lb LEM 600m,Braided Line,Yellow,600m,0.24mm,13.6kg,5,10398.70
Lines,Solid Materials,HiPower Braid 40lb LEM 600m,Braided Line,Yellow,600m,0.28mm,18kg,5,10398.70
Lines,Solid Materials,HiPower Braid 50lb LEM 600m,Braided Line,Yellow,600m,0.32mm,22.5kg,5,10398.70
Lines,Solid Materials,HiPower Braid 65lb LEM 600m,Braided Line,Yellow,600m,0.38mm,30kg,5,10418.70
Lines,Solid Materials,HiPower Braid 80lb LEM 600m,Braided Line,Yellow,600m,0.44mm,36kg,5,10418.70
Lines,Solid Materials,HiPower Braid 100lb LEM 600m,Braided Line,Yellow,600m,0.50mm,45kg,5,10428.70
Lines,Solid Materials,HiPower Braid 130lb LEM 600m,Braided Line,Yellow,600m,0.54mm,60kg,5,10428.70
Lines,Solid Materials,HiPower Braid 180lb LEM 600m,Braided Line,Yellow,600m,0.60mm,82kg,5,10438.70
Lines,Solid Materials,HiPower Braid 240lb LEM 600m,Braided Line,Yellow,600m,0.66mm,110kg,5,10598.70
Lines,Solid Materials,HiPower Braid 320lb LEM 600m,Braided Line,Yellow,600m,0.70mm,145kg,5,10748.70
Lines,Solid Materials,HiPower Braid 450lb LEM 600m,Braided Line,Yellow,600m,0.80mm,205kg,5,10848.70
Lines,Solid Materials,HiPower Braid 30lb SNOW 600m,Braided Line,White,600m,0.24mm,13.6kg,5,10398.70
Lines,Solid Materials,HiPower Braid 40lb SNOW 600m,Braided Line,White,600m,0.28mm,18kg,5,10398.70
Lines,Solid Materials,HiPower Braid 50lb SNOW 600m,Braided Line,White,600m,0.32mm,22.5kg,5,10398.70
Lines,Solid Materials,HiPower Braid 65lb SNOW 600m,Braided Line,White,600m,0.38mm,30kg,5,10418.70
Lines,Solid Materials,HiPower Braid 80lb SNOW 600m,Braided Line,White,600m,0.44mm,36kg,5,10418.70
Lines,Solid Materials,HiPower Braid 100lb SNOW 600m,Braided Line,White,600m,0.50mm,45kg,5,10428.70
Lines,Solid Materials,HiPower Braid 130lb SNOW 600m,Braided Line,White,600m,0.54mm,60kg,5,10428.70
Lines,Solid Materials,HiPower Braid 180lb SNOW 600m,Braided Line,White,600m,0.60mm,82kg,5,10438.70
Lines,Solid Materials,HiPower Braid 240lb SNOW 600m,Braided Line,White,600m,0.66mm,110kg,5,10598.70
Lines,Solid Materials,HiPower Braid 320lb SNOW 600m,Braided Line,White,600m,0.70mm,145kg,5,10748.70
Lines,Solid Materials,HiPower Braid 450lb SNOW 600m,Braided Line,White,600m,0.80mm,205kg,5,10848.70
Lines,Solid Materials,HiPower Braid 30lb MC 600m,Braided Line,Multicolor,600m,0.24mm,13.6kg,5,10436.70
Lines,Solid Materials,HiPower Braid 40lb MC 600m,Braided Line,Multicolor,600m,0.28mm,18kg,5,10436.70
Lines,Solid Materials,HiPower Braid 50lb MC 600m,Braided Line,Multicolor,600m,0.32mm,22.5kg,5,10436.70
Lines,Solid Materials,HiPower Braid 65lb MC 600m,Braided Line,Multicolor,600m,0.38mm,30kg,5,10463.70
Lines,Solid Materials,HiPower Braid 80lb MC 600m,Braided Line,Multicolor,600m,0.44mm,36kg,5,10463.70
Lines,Solid Materials,HiPower Braid 100lb MC 600m,Braided Line,Multicolor,600m,0.50mm,45kg,5,10486.70
Lines,Solid Materials,HiPower Braid 130lb MC 600m,Braided Line,Multicolor,600m,0.54mm,60kg,5,10486.70
Lines,Solid Materials,HiPower Braid 180lb MC 600m,Braided Line,Multicolor,600m,0.60mm,82kg,5,10519.70
Lines,Solid Materials,HiPower Braid 240lb MC 600m,Braided Line,Multicolor,600m,0.66mm,110kg,5,10659.70
Lines,Solid Materials,HiPower Braid 320lb MC 600m,Braided Line,Multicolor,600m,0.70mm,145kg,5,10799.70
Lines,Solid Materials,HiPower Braid 450lb MC 600m,Braided Line,Multicolor,600m,0.80mm,205kg,5,10899.70
Lines,Simmons,DevilBraid - 12lb Green XXL,Braided Line,Dark Green,1000m,0.10mm,5.4kg,4.5,1496.80
Lines,Simmons,DevilBraid - 14lb Green XXL,Braided Line,Dark Green,1000m,0.12mm,6.5kg,4.5,1496.80
Lines,Simmons,DevilBraid - 20lb Green XXL,Braided Line,Dark Green,1000m,0.16mm,9.2kg,4.5,1520.70
Lines,Simmons,DevilBraid - 28lb Green XXL,Braided Line,Dark Green,1000m,0.20mm,12.8kg,4.5,1520.70
Lines,Simmons,DevilBraid - 34lb Green XXL,Braided Line,Dark Green,1000m,0.23mm,15.6kg,4.5,1520.70
Lines,Simmons,DevilBraid - 48lb Green XXL,Braided Line,Dark Green,1000m,0.30mm,22kg,4.5,1544.70
Lines,Simmons,DevilBraid - 58lb Green XXL,Braided Line,Dark Green,1000m,0.34mm,26.5kg,4.5,1576.70
Lines,Simmons,DevilBraid - 66lb Green XXL,Braided Line,Dark Green,1000m,0.36mm,30kg,4.5,1598.70
Lines,Simmons,DevilBraid - 77lb Green XXL,Braided Line,Dark Green,1000m,0.38mm,35kg,4.5,1624.70
Lines,Simmons,DevilBraid - 120lb Green XXL,Braided Line,Dark Green,1000m,0.50mm,55kg,4.5,1672.70
Lines,Simmons,DevilBraid - 160lb Green XXL,Braided Line,Dark Green,1000m,0.58mm,74kg,4.5,1698.70
Lines,Simmons,DevilBraid - 12lb Orange XXL,Braided Line,Orange,1000m,0.10mm,5.4kg,4.5,1496.80
Lines,Simmons,DevilBraid - 14lb Orange XXL,Braided Line,Orange,1000m,0.12mm,6.5kg,4.5,1496.80
Lines,Simmons,DevilBraid - 20lb Orange XXL,Braided Line,Orange,1000m,0.16mm,9.2kg,4.5,1520.70
Lines,Simmons,DevilBraid - 28lb Orange XXL,Braided Line,Orange,1000m,0.20mm,12.8kg,4.5,1520.70
Lines,Simmons,DevilBraid - 34lb Orange XXL,Braided Line,Orange,1000m,0.23mm,15.6kg,4.5,1520.70
Lines,Simmons,DevilBraid - 48lb Orange XXL,Braided Line,Orange,1000m,0.30mm,22kg,4.5,1544.70
Lines,Simmons,DevilBraid - 58lb Orange XXL,Braided Line,Orange,1000m,0.34mm,26.5kg,4.5,1576.70
Lines,Simmons,DevilBraid - 66lb Orange XXL,Braided Line,Orange,1000m,0.36mm,30kg,4.5,1598.70
Lines,Simmons,DevilBraid - 77lb Orange XXL,Braided Line,Orange,1000m,0.38mm,35kg,4.5,1624.70
Lines,Simmons,DevilBraid - 120lb Orange XXL,Braided Line,Orange,1000m,0.50mm,55kg,4.5,1672.70
Lines,Simmons,DevilBraid - 160lb Orange XXL,Braided Line,Orange,1000m,0.58mm,74kg,4.5,1698.70
Lines,Snake,Heavy Braid 132lb FIR 1000m,Braided Line,Orange,1000m,0.50mm,60kg,5,22688.60
Lines,Snake,Heavy Braid 185lb FIR 1000m,Braided Line,Orange,1000m,0.58mm,84kg,5,22748.60
Lines,Snake,Heavy Braid 242lb FIR 1000m,Braided Line,Orange,1000m,0.64mm,110kg,5,22889.60
Lines,Snake,Heavy Braid 326lb FIR 1000m,Braided Line,Orange,1000m,0.70mm,148kg,5,22988.60
Lines,Snake,Heavy Braid 420lb FIR 1000m,Braided Line,Orange,1000m,0.78mm,190.6kg,5,22,1254.47
Lines,Snake,Heavy Braid 132lb WHT 1000m,Braided Line,White,1000m,0.50mm,60kg,5,22688.60
Lines,Snake,Heavy Braid 185lb WHT 1000m,Braided Line,White,1000m,0.58mm,84kg,5,22748.60
Lines,Snake,Heavy Braid 242lb WHT 1000m,Braided Line,White,1000m,0.64mm,110kg,5,22889.60
Lines,Snake,Heavy Braid 326lb WHT 1000m,Braided Line,White,1000m,0.70mm,148kg,5,22988.60
Lines,Snake,Heavy Braid 420lb WHT 1000m,Braided Line,White,1000m,0.78mm,190.6kg,5,22,1254.47
Lines,Solid Materials,HiPower Braid 30lb GR 1200m,Braided Line,Light Green,1200m,0.24mm,13.6kg,5,10478.70
Lines,Solid Materials,HiPower Braid 40lb GR 1200m,Braided Line,Light Green,1200m,0.28mm,18kg,5,10478.70
Lines,Solid Materials,HiPower Braid 50lb GR 1200m,Braided Line,Light Green,1200m,0.32mm,22.5kg,5,10478.70
Lines,Solid Materials,HiPower Braid 65lb GR 1200m,Braided Line,Light Green,1200m,0.38mm,30kg,5,10788.70
Lines,Solid Materials,HiPower Braid 80lb GR 1200m,Braided Line,Light Green,1200m,0.44mm,36kg,5,10788.70
Lines,Solid Materials,HiPower Braid 100lb GR 1200m,Braided Line,Light Green,1200m,0.50mm,45kg,5,10809.70
Lines,Solid Materials,HiPower Braid 130lb GR 1200m,Braided Line,Light Green,1200m,0.54mm,60kg,5,10809.70
Lines,Solid Materials,HiPower Braid 180lb GR 1200m,Braided Line,Light Green,1200m,0.60mm,82kg,5,10829.70
Lines,Solid Materials,HiPower Braid 240lb GR 1200m,Braided Line,Light Green,1200m,0.66mm,110kg,5,10,1148.70
Lines,Solid Materials,HiPower Braid 320lb GR 1200m,Braided Line,Light Green,1200m,0.70mm,145kg,5,10,1398.70
Lines,Solid Materials,HiPower Braid 450lb GR 1200m,Braided Line,Light Green,1200m,0.80mm,205kg,5,10,1598.70
Lines,Solid Materials,HiPower Braid 30lb LEM 1200m,Braided Line,Yellow,1200m,0.24mm,13.6kg,5,10478.70
Lines,Solid Materials,HiPower Braid 40lb LEM 1200m,Braided Line,Yellow,1200m,0.28mm,18kg,5,10478.70
Lines,Solid Materials,HiPower Braid 50lb LEM 1200m,Braided Line,Yellow,1200m,0.32mm,22.5kg,5,10478.70
Lines,Solid Materials,HiPower Braid 65lb LEM 1200m,Braided Line,Yellow,1200m,0.38mm,30kg,5,10788.70
Lines,Solid Materials,HiPower Braid 80lb LEM 1200m,Braided Line,Yellow,1200m,0.44mm,36kg,5,10788.70
Lines,Solid Materials,HiPower Braid 100lb LEM 1200m,Braided Line,Yellow,1200m,0.50mm,45kg,5,10809.70
Lines,Solid Materials,HiPower Braid 130lb LEM 1200m,Braided Line,Yellow,1200m,0.54mm,60kg,5,10809.70
Lines,Solid Materials,HiPower Braid 180lb LEM 1200m,Braided Line,Yellow,1200m,0.60mm,82kg,5,10829.70
Lines,Solid Materials,HiPower Braid 240lb LEM 1200m,Braided Line,Yellow,1200m,0.66mm,110kg,5,10,1148.70
Lines,Solid Materials,HiPower Braid 320lb LEM 1200m,Braided Line,Yellow,1200m,0.70mm,145kg,5,10,1398.70
Lines,Solid Materials,HiPower Braid 450lb LEM 1200m,Braided Line,Yellow,1200m,0.80mm,205kg,5,10,1598.70
Lines,Solid Materials,HiPower Braid 30lb SNOW 1200m,Braided Line,White,1200m,0.24mm,13.6kg,5,10478.70
Lines,Solid Materials,HiPower Braid 40lb SNOW 1200m,Braided Line,White,1200m,0.28mm,18kg,5,10478.70
Lines,Solid Materials,HiPower Braid 50lb SNOW 1200m,Braided Line,White,1200m,0.32mm,22.5kg,5,10478.70
Lines,Solid Materials,HiPower Braid 65lb SNOW 1200m,Braided Line,White,1200m,0.38mm,30kg,5,10788.70
Lines,Solid Materials,HiPower Braid 80lb SNOW 1200m,Braided Line,White,1200m,0.44mm,36kg,5,10788.70
Lines,Solid Materials,HiPower Braid 100lb SNOW 1200m,Braided Line,White,1200m,0.50mm,45kg,5,10809.70
Lines,Solid Materials,HiPower Braid 130lb SNOW 1200m,Braided Line,White,1200m,0.54mm,60kg,5,10809.70
Lines,Solid Materials,HiPower Braid 180lb SNOW 1200m,Braided Line,White,1200m,0.60mm,82kg,5,10829.70
Lines,Solid Materials,HiPower Braid 240lb SNOW 1200m,Braided Line,White,1200m,0.66mm,110kg,5,10,1148.70
Lines,Solid Materials,HiPower Braid 320lb SNOW 1200m,Braided Line,White,1200m,0.70mm,145kg,5,10,1398.70
Lines,Solid Materials,HiPower Braid 450lb SNOW 1200m,Braided Line,White,1200m,0.80mm,205kg,5,10,1598.70
Lines,Solid Materials,HiPower Braid 30lb MC 1200m,Braided Line,Multicolor,1200m,0.24mm,13.6kg,5,10868.70
Lines,Solid Materials,HiPower Braid 40lb MC 1200m,Braided Line,Multicolor,1200m,0.28mm,18kg,5,10868.70
Lines,Solid Materials,HiPower Braid 50lb MC 1200m,Braided Line,Multicolor,1200m,0.32mm,22.5kg,5,10868.70
Lines,Solid Materials,HiPower Braid 65lb MC 1200m,Braided Line,Multicolor,1200m,0.38mm,30kg,5,10927.70
Lines,Solid Materials,HiPower Braid 80lb MC 1200m,Braided Line,Multicolor,1200m,0.44mm,36kg,5,10927.70
Lines,Solid Materials,HiPower Braid 100lb MC 1200m,Braided Line,Multicolor,1200m,0.50mm,45kg,5,10973.70
Lines,Solid Materials,HiPower Braid 130lb MC 1200m,Braided Line,Multicolor,1200m,0.54mm,60kg,5,10973.70
Lines,Solid Materials,HiPower Braid 180lb MC 1200m,Braided Line,Multicolor,1200m,0.60mm,82kg,5,10,1043.70
Lines,Solid Materials,HiPower Braid 240lb MC 1200m,Braided Line,Multicolor,1200m,0.66mm,110kg,5,10,1323.70
Lines,Solid Materials,HiPower Braid 320lb MC 1200m,Braided Line,Multicolor,1200m,0.70mm,145kg,5,10,1533.70
Lines,Solid Materials,HiPower Braid 450lb MC 1200m,Braided Line,Multicolor,1200m,0.80mm,205kg,5,10,1743.70